activity_id,molecule_chembl_id,smiles,structure_status,target_chembl_id,target_name,assay_chembl_id,document_chembl_id,data_year,standard_type,standard_relation,standard_value,standard_units,data_validity_comment,activity_comment,assay_type,assay_description,classification_text,classification_bucket
18028545,CHEMBL4079061,Cc1cccc(F)c1CN1C[C@H](c2ccccc2)[C@@H](N(C)C)C1,smiles_found,CHEMBL613580,Liver,CHEMBL4007112,CHEMBL4004873,2017,CL,=,21666.67,mL.min-1.kg-1,Outside typical range,,A,Unbound intrinsic clearance in mouse liver microsomes at 0.5 uM by HPLC-MS/MS method,unbound intrinsic clearance in mouse liver microsomes at 0.5 um by hplc-ms/ms method | | liver | cl | ml.min-1.kg-1,chembl_mlm_unbound
18028546,CHEMBL4089371,Cc1cccc(F)c1CN1C[C@H](c2ccc(C(=O)N(C)C)cc2)[C@@H](N(C)C)C1,smiles_found,CHEMBL613580,Liver,CHEMBL4007112,CHEMBL4004873,2017,CL,=,1616.67,mL.min-1.kg-1,,,A,Unbound intrinsic clearance in mouse liver microsomes at 0.5 uM by HPLC-MS/MS method,unbound intrinsic clearance in mouse liver microsomes at 0.5 um by hplc-ms/ms method | | liver | cl | ml.min-1.kg-1,chembl_mlm_unbound
18028547,CHEMBL4068192,Cc1cccc(F)c1CN1C[C@H](c2ccc(-c3cnn(CC(N)=O)c3)cc2)[C@@H](N(C)C)C1,smiles_found,CHEMBL613580,Liver,CHEMBL4007112,CHEMBL4004873,2017,CL,=,3750.0,mL.min-1.kg-1,,,A,Unbound intrinsic clearance in mouse liver microsomes at 0.5 uM by HPLC-MS/MS method,unbound intrinsic clearance in mouse liver microsomes at 0.5 um by hplc-ms/ms method | | liver | cl | ml.min-1.kg-1,chembl_mlm_unbound
18028548,CHEMBL4081496,CC(=O)N1CCN(c2ccc([C@H]3CN(Cc4c(C)cccc4F)C[C@@H]3N(C)C)cc2)CC1,smiles_found,CHEMBL613580,Liver,CHEMBL4007112,CHEMBL4004873,2017,CL,=,2833.33,mL.min-1.kg-1,,,A,Unbound intrinsic clearance in mouse liver microsomes at 0.5 uM by HPLC-MS/MS method,unbound intrinsic clearance in mouse liver microsomes at 0.5 um by hplc-ms/ms method | | liver | cl | ml.min-1.kg-1,chembl_mlm_unbound
18028549,CHEMBL4059553,Cc1cccc(F)c1CN1C[C@H](c2ccc(N3CCN(c4ccccn4)CC3)cc2)[C@@H](N(C)C)C1,smiles_found,CHEMBL613580,Liver,CHEMBL4007112,CHEMBL4004873,2017,CL,=,165000.0,mL.min-1.kg-1,Outside typical range,,A,Unbound intrinsic clearance in mouse liver microsomes at 0.5 uM by HPLC-MS/MS method,unbound intrinsic clearance in mouse liver microsomes at 0.5 um by hplc-ms/ms method | | liver | cl | ml.min-1.kg-1,chembl_mlm_unbound
18028550,CHEMBL4077273,Cc1cccc(F)c1CN1C[C@H](c2cn(CC(=O)N(C)C)c3ncccc23)[C@@H](N(C)C)C1,smiles_found,CHEMBL613580,Liver,CHEMBL4007112,CHEMBL4004873,2017,CL,=,4600.0,mL.min-1.kg-1,,,A,Unbound intrinsic clearance in mouse liver microsomes at 0.5 uM by HPLC-MS/MS method,unbound intrinsic clearance in mouse liver microsomes at 0.5 um by hplc-ms/ms method | | liver | cl | ml.min-1.kg-1,chembl_mlm_unbound
18028551,CHEMBL4072329,Cc1cccc(F)c1CN1C[C@H](c2ccc(C3=CCN(C(=O)CS(C)(=O)=O)CC3)nc2)[C@@H](N(C)C)C1,smiles_found,CHEMBL613580,Liver,CHEMBL4007112,CHEMBL4004873,2017,CL,=,4466.67,mL.min-1.kg-1,,,A,Unbound intrinsic clearance in mouse liver microsomes at 0.5 uM by HPLC-MS/MS method,unbound intrinsic clearance in mouse liver microsomes at 0.5 um by hplc-ms/ms method | | liver | cl | ml.min-1.kg-1,chembl_mlm_unbound
18028552,CHEMBL4093096,CN(C)[C@H]1CC(C2CCc3cccc(F)c32)C[C@@H]1c1ccc(N2CCN(S(C)(=O)=O)CC2)cc1,smiles_found,CHEMBL613580,Liver,CHEMBL4007112,CHEMBL4004873,2017,CL,=,11000.0,mL.min-1.kg-1,Outside typical range,,A,Unbound intrinsic clearance in mouse liver microsomes at 0.5 uM by HPLC-MS/MS method,unbound intrinsic clearance in mouse liver microsomes at 0.5 um by hplc-ms/ms method | | liver | cl | ml.min-1.kg-1,chembl_mlm_unbound
18028553,CHEMBL4060827,CC(=O)N1CCN(c2ccc([C@H]3CN(C4CCc5cccc(F)c54)C[C@@H]3N(C)C)cc2)CC1,smiles_found,CHEMBL613580,Liver,CHEMBL4007112,CHEMBL4004873,2017,CL,=,3666.67,mL.min-1.kg-1,,,A,Unbound intrinsic clearance in mouse liver microsomes at 0.5 uM by HPLC-MS/MS method,unbound intrinsic clearance in mouse liver microsomes at 0.5 um by hplc-ms/ms method | | liver | cl | ml.min-1.kg-1,chembl_mlm_unbound
18028554,CHEMBL4076017,CN(C)[C@H]1CN(C2CCc3cccc(F)c32)C[C@@H]1C1CCN(c2ccc(C(N)=O)cn2)CC1,smiles_found,CHEMBL613580,Liver,CHEMBL4007112,CHEMBL4004873,2017,CL,=,2000.0,mL.min-1.kg-1,,,A,Unbound intrinsic clearance in mouse liver microsomes at 0.5 uM by HPLC-MS/MS method,unbound intrinsic clearance in mouse liver microsomes at 0.5 um by hplc-ms/ms method | | liver | cl | ml.min-1.kg-1,chembl_mlm_unbound
18028555,CHEMBL4077363,Cc1cccc(F)c1CN1C[C@H](c2cn(C)c3c(C(=O)N4CC(F)C4)cccc23)[C@@H](N(C)C)C1,smiles_found,CHEMBL613580,Liver,CHEMBL4007112,CHEMBL4004873,2017,CL,=,18333.33,mL.min-1.kg-1,Outside typical range,,A,Unbound intrinsic clearance in mouse liver microsomes at 0.5 uM by HPLC-MS/MS method,unbound intrinsic clearance in mouse liver microsomes at 0.5 um by hplc-ms/ms method | | liver | cl | ml.min-1.kg-1,chembl_mlm_unbound
18092437,CHEMBL4061028,CCS(=O)(=O)Nc1ccc(OC2CCC(N(C)C)CC2)c(-c2cn(C)c(=O)c3[nH]ccc23)c1,smiles_found,CHEMBL613580,Liver,CHEMBL4020220,CHEMBL4017535,2017,CL,=,125.0,mL.min-1.kg-1,,,A,Unbound intrinsic clearance in mouse liver microsomes,unbound intrinsic clearance in mouse liver microsomes | | liver | cl | ml.min-1.kg-1,chembl_mlm_unbound
18092438,CHEMBL3963357,CCS(=O)(=O)Nc1ccc(OCC(C)(C)C)c(-c2cn(C)c(=O)c3[nH]ccc23)c1,smiles_found,CHEMBL613580,Liver,CHEMBL4020220,CHEMBL4017535,2017,CL,=,1033.33,mL.min-1.kg-1,,,A,Unbound intrinsic clearance in mouse liver microsomes,unbound intrinsic clearance in mouse liver microsomes | | liver | cl | ml.min-1.kg-1,chembl_mlm_unbound
18092439,CHEMBL3911104,Cn1cc(-c2cc(NS(C)(=O)=O)ccc2OC2CCC(F)(F)CC2)c2cc[nH]c2c1=O,smiles_found,CHEMBL613580,Liver,CHEMBL4020220,CHEMBL4017535,2017,CL,=,716.67,mL.min-1.kg-1,,,A,Unbound intrinsic clearance in mouse liver microsomes,unbound intrinsic clearance in mouse liver microsomes | | liver | cl | ml.min-1.kg-1,chembl_mlm_unbound
18092441,CHEMBL3948433,Cn1cc(-c2cc(NS(C)(=O)=O)ccc2OC2CCCCC2)c2cc[nH]c2c1=O,smiles_found,CHEMBL613580,Liver,CHEMBL4020220,CHEMBL4017535,2017,CL,=,3666.67,mL.min-1.kg-1,,,A,Unbound intrinsic clearance in mouse liver microsomes,unbound intrinsic clearance in mouse liver microsomes | | liver | cl | ml.min-1.kg-1,chembl_mlm_unbound
18092442,CHEMBL3964603,Cn1cc(-c2cc(NS(C)(=O)=O)ccc2OCc2ccccc2)c2cc[nH]c2c1=O,smiles_found,CHEMBL613580,Liver,CHEMBL4020220,CHEMBL4017535,2017,CL,=,900.0,mL.min-1.kg-1,,,A,Unbound intrinsic clearance in mouse liver microsomes,unbound intrinsic clearance in mouse liver microsomes | | liver | cl | ml.min-1.kg-1,chembl_mlm_unbound
18092443,CHEMBL3967185,CCS(=O)(=O)Nc1ccc(Oc2cncnc2)c(-c2cn(C)c(=O)c3[nH]ccc23)c1,smiles_found,CHEMBL613580,Liver,CHEMBL4020220,CHEMBL4017535,2017,CL,=,233.33,mL.min-1.kg-1,,,A,Unbound intrinsic clearance in mouse liver microsomes,unbound intrinsic clearance in mouse liver microsomes | | liver | cl | ml.min-1.kg-1,chembl_mlm_unbound
18092444,CHEMBL3942897,Cn1cc(-c2cc(NS(C)(=O)=O)ccc2Oc2cccnc2)c2cc[nH]c2c1=O,smiles_found,CHEMBL613580,Liver,CHEMBL4020220,CHEMBL4017535,2017,CL,=,533.33,mL.min-1.kg-1,,,A,Unbound intrinsic clearance in mouse liver microsomes,unbound intrinsic clearance in mouse liver microsomes | | liver | cl | ml.min-1.kg-1,chembl_mlm_unbound
18092445,CHEMBL3933555,CCS(=O)(=O)Nc1ccc(Oc2c(F)cc(F)cc2F)c(-c2cn(C)c(=O)c3[nH]ccc23)c1,smiles_found,CHEMBL613580,Liver,CHEMBL4020220,CHEMBL4017535,2017,CL,=,900.0,mL.min-1.kg-1,,,A,Unbound intrinsic clearance in mouse liver microsomes,unbound intrinsic clearance in mouse liver microsomes | | liver | cl | ml.min-1.kg-1,chembl_mlm_unbound
18092446,CHEMBL3987016,CCS(=O)(=O)Nc1ccc(Oc2ccc(F)cc2F)c(-c2cn(C)c(=O)c3[nH]ccc23)c1,smiles_found,CHEMBL613580,Liver,CHEMBL4020220,CHEMBL4017535,2017,CL,=,550.0,mL.min-1.kg-1,,,A,Unbound intrinsic clearance in mouse liver microsomes,unbound intrinsic clearance in mouse liver microsomes | | liver | cl | ml.min-1.kg-1,chembl_mlm_unbound
18092447,CHEMBL3974260,Cn1cc(-c2cc(NS(C)(=O)=O)ccc2Oc2ccc(F)cc2F)c2cc[nH]c2c1=O,smiles_found,CHEMBL613580,Liver,CHEMBL4020220,CHEMBL4017535,2017,CL,=,283.33,mL.min-1.kg-1,,,A,Unbound intrinsic clearance in mouse liver microsomes,unbound intrinsic clearance in mouse liver microsomes | | liver | cl | ml.min-1.kg-1,chembl_mlm_unbound
18092448,CHEMBL3901761,Cn1cc(-c2cc(NS(C)(=O)=O)ccc2Oc2ccc(F)cc2Cl)c2cc[nH]c2c1=O,smiles_found,CHEMBL613580,Liver,CHEMBL4020220,CHEMBL4017535,2017,CL,=,850.0,mL.min-1.kg-1,,,A,Unbound intrinsic clearance in mouse liver microsomes,unbound intrinsic clearance in mouse liver microsomes | | liver | cl | ml.min-1.kg-1,chembl_mlm_unbound
18092449,CHEMBL4060619,Cn1cc(-c2cc(NS(C)(=O)=O)ccc2Oc2ccccc2C(F)(F)F)c2cc[nH]c2c1=O,smiles_found,CHEMBL613580,Liver,CHEMBL4020220,CHEMBL4017535,2017,CL,=,1350.0,mL.min-1.kg-1,,,A,Unbound intrinsic clearance in mouse liver microsomes,unbound intrinsic clearance in mouse liver microsomes | | liver | cl | ml.min-1.kg-1,chembl_mlm_unbound
18092450,CHEMBL4059602,CCS(=O)(=O)Nc1ccc(Oc2ccc(C(F)(F)F)cc2)c(-c2cn(C)c(=O)c3[nH]ccc23)c1,smiles_found,CHEMBL613580,Liver,CHEMBL4020220,CHEMBL4017535,2017,CL,=,2833.33,mL.min-1.kg-1,,,A,Unbound intrinsic clearance in mouse liver microsomes,unbound intrinsic clearance in mouse liver microsomes | | liver | cl | ml.min-1.kg-1,chembl_mlm_unbound
18092452,CHEMBL4098055,CCS(=O)(=O)Nc1ccc(Oc2ccc(Cl)cc2)c(-c2cn(C)c(=O)c3[nH]ccc23)c1,smiles_found,CHEMBL613580,Liver,CHEMBL4020220,CHEMBL4017535,2017,CL,=,900.0,mL.min-1.kg-1,,,A,Unbound intrinsic clearance in mouse liver microsomes,unbound intrinsic clearance in mouse liver microsomes | | liver | cl | ml.min-1.kg-1,chembl_mlm_unbound
18092453,CHEMBL3980661,Cn1cc(-c2cc(S(N)(=O)=O)ccc2Oc2ccccc2)c2cc[nH]c2c1=O,smiles_found,CHEMBL613580,Liver,CHEMBL4020220,CHEMBL4017535,2017,CL,=,516.67,mL.min-1.kg-1,,,A,Unbound intrinsic clearance in mouse liver microsomes,unbound intrinsic clearance in mouse liver microsomes | | liver | cl | ml.min-1.kg-1,chembl_mlm_unbound
18092454,CHEMBL3973984,Cn1cc(-c2cc(S(C)(=O)=O)ccc2Oc2ccccc2)c2cc[nH]c2c1=O,smiles_found,CHEMBL613580,Liver,CHEMBL4020220,CHEMBL4017535,2017,CL,=,383.33,mL.min-1.kg-1,,,A,Unbound intrinsic clearance in mouse liver microsomes,unbound intrinsic clearance in mouse liver microsomes | | liver | cl | ml.min-1.kg-1,chembl_mlm_unbound
18092455,CHEMBL3919590,CCNC(=O)c1ccc(Oc2ccccc2)c(-c2cn(C)c(=O)c3[nH]ccc23)c1,smiles_found,CHEMBL613580,Liver,CHEMBL4020220,CHEMBL4017535,2017,CL,=,716.67,mL.min-1.kg-1,,,A,Unbound intrinsic clearance in mouse liver microsomes,unbound intrinsic clearance in mouse liver microsomes | | liver | cl | ml.min-1.kg-1,chembl_mlm_unbound
18092456,CHEMBL3914893,Cn1cc(-c2cc(C(N)=O)ccc2Oc2ccccc2)c2cc[nH]c2c1=O,smiles_found,CHEMBL613580,Liver,CHEMBL4020220,CHEMBL4017535,2017,CL,=,450.0,mL.min-1.kg-1,,,A,Unbound intrinsic clearance in mouse liver microsomes,unbound intrinsic clearance in mouse liver microsomes | | liver | cl | ml.min-1.kg-1,chembl_mlm_unbound
18092457,CHEMBL3928793,CC(=O)Nc1ccc(Oc2ccccc2)c(-c2cn(C)c(=O)c3[nH]ccc23)c1,smiles_found,CHEMBL613580,Liver,CHEMBL4020220,CHEMBL4017535,2017,CL,=,3500.0,mL.min-1.kg-1,,,A,Unbound intrinsic clearance in mouse liver microsomes,unbound intrinsic clearance in mouse liver microsomes | | liver | cl | ml.min-1.kg-1,chembl_mlm_unbound
18092459,CHEMBL3898479,CN(C)S(=O)(=O)Nc1ccc(Oc2ccccc2)c(-c2cn(C)c(=O)c3[nH]ccc23)c1,smiles_found,CHEMBL613580,Liver,CHEMBL4020220,CHEMBL4017535,2017,CL,=,2333.33,mL.min-1.kg-1,,,A,Unbound intrinsic clearance in mouse liver microsomes,unbound intrinsic clearance in mouse liver microsomes | | liver | cl | ml.min-1.kg-1,chembl_mlm_unbound
18092460,CHEMBL3904317,Cn1cc(-c2cc(NS(=O)(=O)CC(F)(F)F)ccc2Oc2ccccc2)c2cc[nH]c2c1=O,smiles_found,CHEMBL613580,Liver,CHEMBL4020220,CHEMBL4017535,2017,CL,=,650.0,mL.min-1.kg-1,,,A,Unbound intrinsic clearance in mouse liver microsomes,unbound intrinsic clearance in mouse liver microsomes | | liver | cl | ml.min-1.kg-1,chembl_mlm_unbound
18092461,CHEMBL3898684,CCS(=O)(=O)Nc1ccc(Oc2ccccc2)c(-c2cn(C)c(=O)c3[nH]ccc23)c1,smiles_found,CHEMBL613580,Liver,CHEMBL4020220,CHEMBL4017535,2017,CL,=,916.67,mL.min-1.kg-1,,,A,Unbound intrinsic clearance in mouse liver microsomes,unbound intrinsic clearance in mouse liver microsomes | | liver | cl | ml.min-1.kg-1,chembl_mlm_unbound
18092462,CHEMBL3970220,Cn1cc(-c2cc(NS(C)(=O)=O)ccc2Oc2ccccc2)c2cc[nH]c2c1=O,smiles_found,CHEMBL613580,Liver,CHEMBL4020220,CHEMBL4017535,2017,CL,=,300.0,mL.min-1.kg-1,,,A,Unbound intrinsic clearance in mouse liver microsomes,unbound intrinsic clearance in mouse liver microsomes | | liver | cl | ml.min-1.kg-1,chembl_mlm_unbound
18092463,CHEMBL3980983,Cn1cc(-c2ccccc2Oc2ccccc2)c2cc[nH]c2c1=O,smiles_found,CHEMBL613580,Liver,CHEMBL4020220,CHEMBL4017535,2017,CL,=,93333.33,mL.min-1.kg-1,Outside typical range,,A,Unbound intrinsic clearance in mouse liver microsomes,unbound intrinsic clearance in mouse liver microsomes | | liver | cl | ml.min-1.kg-1,chembl_mlm_unbound
18166747,CHEMBL566757,O=C(/C=C/c1cccnc1)NCCCCC1CCN(C(=O)c2ccccc2)CC1,smiles_found,CHEMBL613580,Liver,CHEMBL4036657,CHEMBL4033748,2017,CL,=,258.33,mL.min-1.kg-1,,,A,Unbound intrinsic clearance in mouse liver microsomes at 0.5 uM in presence of NADPH incubated for 5 to 30 mins by HPLC-MS/MS method,unbound intrinsic clearance in mouse liver microsomes at 0.5 um in presence of nadph incubated for 5 to 30 mins by hplc-ms/ms method | | liver | cl | ml.min-1.kg-1,chembl_mlm_unbound
18166748,CHEMBL17289,N#CN=C(NCCCCCCOc1ccc(Cl)cc1)Nc1ccncc1,smiles_found,CHEMBL613580,Liver,CHEMBL4036657,CHEMBL4033748,2017,CL,=,1363.33,mL.min-1.kg-1,,,A,Unbound intrinsic clearance in mouse liver microsomes at 0.5 uM in presence of NADPH incubated for 5 to 30 mins by HPLC-MS/MS method,unbound intrinsic clearance in mouse liver microsomes at 0.5 um in presence of nadph incubated for 5 to 30 mins by hplc-ms/ms method | | liver | cl | ml.min-1.kg-1,chembl_mlm_unbound
18166750,CHEMBL3950120,CC(C)CCNC(=O)c1ccc(NC(=O)N2Cc3ccccc3C2)cc1,smiles_found,CHEMBL613580,Liver,CHEMBL4036657,CHEMBL4033748,2017,CL,=,816.67,mL.min-1.kg-1,,,A,Unbound intrinsic clearance in mouse liver microsomes at 0.5 uM in presence of NADPH incubated for 5 to 30 mins by HPLC-MS/MS method,unbound intrinsic clearance in mouse liver microsomes at 0.5 um in presence of nadph incubated for 5 to 30 mins by hplc-ms/ms method | | liver | cl | ml.min-1.kg-1,chembl_mlm_unbound
18166753,CHEMBL3890237,NC(=O)c1ccc(NC(=O)N2Cc3ccccc3C2)cc1,smiles_found,CHEMBL613580,Liver,CHEMBL4036657,CHEMBL4033748,2017,CL,=,148.33,mL.min-1.kg-1,,,A,Unbound intrinsic clearance in mouse liver microsomes at 0.5 uM in presence of NADPH incubated for 5 to 30 mins by HPLC-MS/MS method,unbound intrinsic clearance in mouse liver microsomes at 0.5 um in presence of nadph incubated for 5 to 30 mins by hplc-ms/ms method | | liver | cl | ml.min-1.kg-1,chembl_mlm_unbound
18166754,CHEMBL3937583,CCCNC(=O)c1ccc(NC(=O)N2Cc3ccccc3C2)cc1,smiles_found,CHEMBL613580,Liver,CHEMBL4036657,CHEMBL4033748,2017,CL,=,71.67,mL.min-1.kg-1,,,A,Unbound intrinsic clearance in mouse liver microsomes at 0.5 uM in presence of NADPH incubated for 5 to 30 mins by HPLC-MS/MS method,unbound intrinsic clearance in mouse liver microsomes at 0.5 um in presence of nadph incubated for 5 to 30 mins by hplc-ms/ms method | | liver | cl | ml.min-1.kg-1,chembl_mlm_unbound
18166755,CHEMBL3892230,CC(C)(C)CCNC(=O)c1ccc(NC(=O)N2Cc3ccccc3C2)cc1,smiles_found,CHEMBL613580,Liver,CHEMBL4036657,CHEMBL4033748,2017,CL,=,145.0,mL.min-1.kg-1,,,A,Unbound intrinsic clearance in mouse liver microsomes at 0.5 uM in presence of NADPH incubated for 5 to 30 mins by HPLC-MS/MS method,unbound intrinsic clearance in mouse liver microsomes at 0.5 um in presence of nadph incubated for 5 to 30 mins by hplc-ms/ms method | | liver | cl | ml.min-1.kg-1,chembl_mlm_unbound
18166756,CHEMBL4099778,CN(CCC(C)(C)C)C(=O)c1ccc(NC(=O)N2Cc3ccccc3C2)cc1,smiles_found,CHEMBL613580,Liver,CHEMBL4036657,CHEMBL4033748,2017,CL,=,2166.67,mL.min-1.kg-1,,,A,Unbound intrinsic clearance in mouse liver microsomes at 0.5 uM in presence of NADPH incubated for 5 to 30 mins by HPLC-MS/MS method,unbound intrinsic clearance in mouse liver microsomes at 0.5 um in presence of nadph incubated for 5 to 30 mins by hplc-ms/ms method | | liver | cl | ml.min-1.kg-1,chembl_mlm_unbound
18166757,CHEMBL3930840,O=C(NCc1ccccc1)c1ccc(NC(=O)N2Cc3ccccc3C2)cc1,smiles_found,CHEMBL613580,Liver,CHEMBL4036657,CHEMBL4033748,2017,CL,=,350.0,mL.min-1.kg-1,,,A,Unbound intrinsic clearance in mouse liver microsomes at 0.5 uM in presence of NADPH incubated for 5 to 30 mins by HPLC-MS/MS method,unbound intrinsic clearance in mouse liver microsomes at 0.5 um in presence of nadph incubated for 5 to 30 mins by hplc-ms/ms method | | liver | cl | ml.min-1.kg-1,chembl_mlm_unbound
18166758,CHEMBL4062838,O=C(Nc1ccc(C(=O)N2CCN(c3ccccn3)CC2)cc1)N1Cc2ccccc2C1,smiles_found,CHEMBL613580,Liver,CHEMBL4036657,CHEMBL4033748,2017,CL,=,183.33,mL.min-1.kg-1,,,A,Unbound intrinsic clearance in mouse liver microsomes at 0.5 uM in presence of NADPH incubated for 5 to 30 mins by HPLC-MS/MS method,unbound intrinsic clearance in mouse liver microsomes at 0.5 um in presence of nadph incubated for 5 to 30 mins by hplc-ms/ms method | | liver | cl | ml.min-1.kg-1,chembl_mlm_unbound
18166759,CHEMBL4077254,CC(C)CCC(=O)Nc1ccc(NC(=O)N2Cc3ccccc3C2)cc1,smiles_found,CHEMBL613580,Liver,CHEMBL4036657,CHEMBL4033748,2017,CL,=,783.33,mL.min-1.kg-1,,,A,Unbound intrinsic clearance in mouse liver microsomes at 0.5 uM in presence of NADPH incubated for 5 to 30 mins by HPLC-MS/MS method,unbound intrinsic clearance in mouse liver microsomes at 0.5 um in presence of nadph incubated for 5 to 30 mins by hplc-ms/ms method | | liver | cl | ml.min-1.kg-1,chembl_mlm_unbound
18166760,CHEMBL3899179,CC(C)C[C@@H](CO)NC(=O)c1ccc(NC(=O)N2Cc3ccccc3C2)cc1,smiles_found,CHEMBL613580,Liver,CHEMBL4036657,CHEMBL4033748,2017,CL,=,115.0,mL.min-1.kg-1,,,A,Unbound intrinsic clearance in mouse liver microsomes at 0.5 uM in presence of NADPH incubated for 5 to 30 mins by HPLC-MS/MS method,unbound intrinsic clearance in mouse liver microsomes at 0.5 um in presence of nadph incubated for 5 to 30 mins by hplc-ms/ms method | | liver | cl | ml.min-1.kg-1,chembl_mlm_unbound
18166761,CHEMBL3904786,O=C(NCC1CCCOC1)c1ccc(NC(=O)N2Cc3ccccc3C2)cc1,smiles_found,CHEMBL613580,Liver,CHEMBL4036657,CHEMBL4033748,2017,CL,=,75.0,mL.min-1.kg-1,,,A,Unbound intrinsic clearance in mouse liver microsomes at 0.5 uM in presence of NADPH incubated for 5 to 30 mins by HPLC-MS/MS method,unbound intrinsic clearance in mouse liver microsomes at 0.5 um in presence of nadph incubated for 5 to 30 mins by hplc-ms/ms method | | liver | cl | ml.min-1.kg-1,chembl_mlm_unbound
18166762,CHEMBL3974537,O=C(NCC1CCOC1)c1ccc(NC(=O)N2Cc3ccccc3C2)cc1,smiles_found,CHEMBL613580,Liver,CHEMBL4036657,CHEMBL4033748,2017,CL,=,83.33,mL.min-1.kg-1,,,A,Unbound intrinsic clearance in mouse liver microsomes at 0.5 uM in presence of NADPH incubated for 5 to 30 mins by HPLC-MS/MS method,unbound intrinsic clearance in mouse liver microsomes at 0.5 um in presence of nadph incubated for 5 to 30 mins by hplc-ms/ms method | | liver | cl | ml.min-1.kg-1,chembl_mlm_unbound
18166763,CHEMBL3949149,CC(C)CCNS(=O)(=O)c1ccc(NC(=O)N2Cc3ccccc3C2)cc1,smiles_found,CHEMBL613580,Liver,CHEMBL4036657,CHEMBL4033748,2017,CL,=,4416.67,mL.min-1.kg-1,,,A,Unbound intrinsic clearance in mouse liver microsomes at 0.5 uM in presence of NADPH incubated for 5 to 30 mins by HPLC-MS/MS method,unbound intrinsic clearance in mouse liver microsomes at 0.5 um in presence of nadph incubated for 5 to 30 mins by hplc-ms/ms method | | liver | cl | ml.min-1.kg-1,chembl_mlm_unbound
18166766,CHEMBL3984857,CC(C)CCNC(=O)c1ccc(NC(=O)N2Cc3ccccc3C2)nc1,smiles_found,CHEMBL613580,Liver,CHEMBL4036657,CHEMBL4033748,2017,CL,=,283.33,mL.min-1.kg-1,,,A,Unbound intrinsic clearance in mouse liver microsomes at 0.5 uM in presence of NADPH incubated for 5 to 30 mins by HPLC-MS/MS method,unbound intrinsic clearance in mouse liver microsomes at 0.5 um in presence of nadph incubated for 5 to 30 mins by hplc-ms/ms method | | liver | cl | ml.min-1.kg-1,chembl_mlm_unbound
18166767,CHEMBL3918436,CC(C)CCNC(=O)c1ccc(NC(=O)N2Cc3ccccc3C2)cn1,smiles_found,CHEMBL613580,Liver,CHEMBL4036657,CHEMBL4033748,2017,CL,=,1250.0,mL.min-1.kg-1,,,A,Unbound intrinsic clearance in mouse liver microsomes at 0.5 uM in presence of NADPH incubated for 5 to 30 mins by HPLC-MS/MS method,unbound intrinsic clearance in mouse liver microsomes at 0.5 um in presence of nadph incubated for 5 to 30 mins by hplc-ms/ms method | | liver | cl | ml.min-1.kg-1,chembl_mlm_unbound
18166768,CHEMBL3975643,CCC(C)C(=O)N1CCC(Oc2ccc(NC(=O)N3Cc4ccccc4C3)cc2)CC1,smiles_found,CHEMBL613580,Liver,CHEMBL4036657,CHEMBL4033748,2017,CL,=,2783.33,mL.min-1.kg-1,,,A,Unbound intrinsic clearance in mouse liver microsomes at 0.5 uM in presence of NADPH incubated for 5 to 30 mins by HPLC-MS/MS method,unbound intrinsic clearance in mouse liver microsomes at 0.5 um in presence of nadph incubated for 5 to 30 mins by hplc-ms/ms method | | liver | cl | ml.min-1.kg-1,chembl_mlm_unbound
18166769,CHEMBL4076641,O=C(Nc1ccc(S(=O)(=O)c2ccccc2)cc1)N1Cc2ccccc2C1,smiles_found,CHEMBL613580,Liver,CHEMBL4036657,CHEMBL4033748,2017,CL,=,366.67,mL.min-1.kg-1,,,A,Unbound intrinsic clearance in mouse liver microsomes at 0.5 uM in presence of NADPH incubated for 5 to 30 mins by HPLC-MS/MS method,unbound intrinsic clearance in mouse liver microsomes at 0.5 um in presence of nadph incubated for 5 to 30 mins by hplc-ms/ms method | | liver | cl | ml.min-1.kg-1,chembl_mlm_unbound
18166770,CHEMBL2419508,O=C(NCc1ccc(S(=O)(=O)c2ccccc2)cc1)N1Cc2ccccc2C1,smiles_found,CHEMBL613580,Liver,CHEMBL4036657,CHEMBL4033748,2017,CL,=,3666.67,mL.min-1.kg-1,,,A,Unbound intrinsic clearance in mouse liver microsomes at 0.5 uM in presence of NADPH incubated for 5 to 30 mins by HPLC-MS/MS method,unbound intrinsic clearance in mouse liver microsomes at 0.5 um in presence of nadph incubated for 5 to 30 mins by hplc-ms/ms method | | liver | cl | ml.min-1.kg-1,chembl_mlm_unbound
18166771,CHEMBL3960317,O=C(NCCCCC1CCN(C(=O)c2ccccc2)CC1)N1Cc2ccccc2C1,smiles_found,CHEMBL613580,Liver,CHEMBL4036657,CHEMBL4033748,2017,CL,=,4666.67,mL.min-1.kg-1,,,A,Unbound intrinsic clearance in mouse liver microsomes at 0.5 uM in presence of NADPH incubated for 5 to 30 mins by HPLC-MS/MS method,unbound intrinsic clearance in mouse liver microsomes at 0.5 um in presence of nadph incubated for 5 to 30 mins by hplc-ms/ms method | | liver | cl | ml.min-1.kg-1,chembl_mlm_unbound
18166774,CHEMBL3943749,O=C(Nc1ccc(C2CCN(C(=O)c3ccccc3)CC2)cc1)N1Cc2ccccc2C1,smiles_found,CHEMBL613580,Liver,CHEMBL4036657,CHEMBL4033748,2017,CL,=,983.33,mL.min-1.kg-1,,,A,Unbound intrinsic clearance in mouse liver microsomes at 0.5 uM in presence of NADPH incubated for 5 to 30 mins by HPLC-MS/MS method,unbound intrinsic clearance in mouse liver microsomes at 0.5 um in presence of nadph incubated for 5 to 30 mins by hplc-ms/ms method | | liver | cl | ml.min-1.kg-1,chembl_mlm_unbound
18166775,CHEMBL3896390,CC(C)C(=O)N1CCC(c2ccc(NC(=O)N3Cc4ccccc4C3)cc2)CC1,smiles_found,CHEMBL613580,Liver,CHEMBL4036657,CHEMBL4033748,2017,CL,=,366.67,mL.min-1.kg-1,,,A,Unbound intrinsic clearance in mouse liver microsomes at 0.5 uM in presence of NADPH incubated for 5 to 30 mins by HPLC-MS/MS method,unbound intrinsic clearance in mouse liver microsomes at 0.5 um in presence of nadph incubated for 5 to 30 mins by hplc-ms/ms method | | liver | cl | ml.min-1.kg-1,chembl_mlm_unbound
18166776,CHEMBL4105475,CC1(C(=O)N2CCC(c3ccc(NC(=O)N4Cc5ccccc5C4)cc3)CC2)CC1,smiles_found,CHEMBL613580,Liver,CHEMBL4036657,CHEMBL4033748,2017,CL,=,283.33,mL.min-1.kg-1,,,A,Unbound intrinsic clearance in mouse liver microsomes at 0.5 uM in presence of NADPH incubated for 5 to 30 mins by HPLC-MS/MS method,unbound intrinsic clearance in mouse liver microsomes at 0.5 um in presence of nadph incubated for 5 to 30 mins by hplc-ms/ms method | | liver | cl | ml.min-1.kg-1,chembl_mlm_unbound
18166777,CHEMBL4086819,CC1(C(=O)N2CCC(c3ccc(NC(=O)N4Cc5ccccc5C4)cc3)CC2)COC1,smiles_found,CHEMBL613580,Liver,CHEMBL4036657,CHEMBL4033748,2017,CL,=,145.0,mL.min-1.kg-1,,,A,Unbound intrinsic clearance in mouse liver microsomes at 0.5 uM in presence of NADPH incubated for 5 to 30 mins by HPLC-MS/MS method,unbound intrinsic clearance in mouse liver microsomes at 0.5 um in presence of nadph incubated for 5 to 30 mins by hplc-ms/ms method | | liver | cl | ml.min-1.kg-1,chembl_mlm_unbound
18166778,CHEMBL4077485,CN1CCC(C(=O)N2CCC(c3ccc(NC(=O)N4Cc5ccc(F)cc5C4)cc3)CC2)CC1,smiles_found,CHEMBL613580,Liver,CHEMBL4036657,CHEMBL4033748,2017,CL,=,266.67,mL.min-1.kg-1,,,A,Unbound intrinsic clearance in mouse liver microsomes at 0.5 uM in presence of NADPH incubated for 5 to 30 mins by HPLC-MS/MS method,unbound intrinsic clearance in mouse liver microsomes at 0.5 um in presence of nadph incubated for 5 to 30 mins by hplc-ms/ms method | | liver | cl | ml.min-1.kg-1,chembl_mlm_unbound
18166779,CHEMBL4082366,CC(C)(O)CC(=O)N1CCC(c2ccc(NC(=O)N3Cc4ccccc4C3)cc2)CC1,smiles_found,CHEMBL613580,Liver,CHEMBL4036657,CHEMBL4033748,2017,CL,=,300.0,mL.min-1.kg-1,,,A,Unbound intrinsic clearance in mouse liver microsomes at 0.5 uM in presence of NADPH incubated for 5 to 30 mins by HPLC-MS/MS method,unbound intrinsic clearance in mouse liver microsomes at 0.5 um in presence of nadph incubated for 5 to 30 mins by hplc-ms/ms method | | liver | cl | ml.min-1.kg-1,chembl_mlm_unbound
18166780,CHEMBL4089003,CC(C)(O)CC(=O)N1CCC(c2ccc(NC(=O)N3Cc4ccc(F)cc4C3)cc2)CC1,smiles_found,CHEMBL613580,Liver,CHEMBL4036657,CHEMBL4033748,2017,CL,=,143.33,mL.min-1.kg-1,,,A,Unbound intrinsic clearance in mouse liver microsomes at 0.5 uM in presence of NADPH incubated for 5 to 30 mins by HPLC-MS/MS method,unbound intrinsic clearance in mouse liver microsomes at 0.5 um in presence of nadph incubated for 5 to 30 mins by hplc-ms/ms method | | liver | cl | ml.min-1.kg-1,chembl_mlm_unbound
18166781,CHEMBL4060799,CN1CCN(C(C)(C)C(=O)N2CCC(c3ccc(NC(=O)N4Cc5ccccc5C4)cc3)CC2)CC1,smiles_found,CHEMBL613580,Liver,CHEMBL4036657,CHEMBL4033748,2017,CL,=,1466.67,mL.min-1.kg-1,,,A,Unbound intrinsic clearance in mouse liver microsomes at 0.5 uM in presence of NADPH incubated for 5 to 30 mins by HPLC-MS/MS method,unbound intrinsic clearance in mouse liver microsomes at 0.5 um in presence of nadph incubated for 5 to 30 mins by hplc-ms/ms method | | liver | cl | ml.min-1.kg-1,chembl_mlm_unbound
18166782,CHEMBL4083505,O=C(Nc1ccc(C2CCN(C(=O)[C@@H]3CCCO3)CC2)cc1)N1Cc2ccc(Cl)cc2C1,smiles_found,CHEMBL613580,Liver,CHEMBL4036657,CHEMBL4033748,2017,CL,=,583.33,mL.min-1.kg-1,,,A,Unbound intrinsic clearance in mouse liver microsomes at 0.5 uM in presence of NADPH incubated for 5 to 30 mins by HPLC-MS/MS method,unbound intrinsic clearance in mouse liver microsomes at 0.5 um in presence of nadph incubated for 5 to 30 mins by hplc-ms/ms method | | liver | cl | ml.min-1.kg-1,chembl_mlm_unbound
18166783,CHEMBL4076064,O=C(Nc1ccc(C2CCN(S(=O)(=O)C3CC3)CC2)cc1)N1Cc2ccc(F)cc2C1,smiles_found,CHEMBL613580,Liver,CHEMBL4036657,CHEMBL4033748,2017,CL,=,500.0,mL.min-1.kg-1,,,A,Unbound intrinsic clearance in mouse liver microsomes at 0.5 uM in presence of NADPH incubated for 5 to 30 mins by HPLC-MS/MS method,unbound intrinsic clearance in mouse liver microsomes at 0.5 um in presence of nadph incubated for 5 to 30 mins by hplc-ms/ms method | | liver | cl | ml.min-1.kg-1,chembl_mlm_unbound
18166784,CHEMBL4096471,O=C(Nc1ccc(C2CN(C(=O)c3ccccc3)C2)cc1)N1Cc2ccc(F)cc2C1,smiles_found,CHEMBL613580,Liver,CHEMBL4036657,CHEMBL4033748,2017,CL,=,433.33,mL.min-1.kg-1,,,A,Unbound intrinsic clearance in mouse liver microsomes at 0.5 uM in presence of NADPH incubated for 5 to 30 mins by HPLC-MS/MS method,unbound intrinsic clearance in mouse liver microsomes at 0.5 um in presence of nadph incubated for 5 to 30 mins by hplc-ms/ms method | | liver | cl | ml.min-1.kg-1,chembl_mlm_unbound
18173714,CHEMBL4065327,Cc1[nH]c(-c2ccccc2Oc2ccccc2)cc1C(N)=O,smiles_found,CHEMBL613580,Liver,CHEMBL4038401,CHEMBL4038268,2017,CL,=,9000.0,mL.min-1.kg-1,,,A,Unbound intrinsic clearance in mouse liver microsomes,unbound intrinsic clearance in mouse liver microsomes | | liver | cl | ml.min-1.kg-1,chembl_mlm_unbound
18173715,CHEMBL4060309,Cc1[nH]c(-c2cc(NS(C)(=O)=O)ccc2Oc2ccccc2)cc1C(N)=O,smiles_found,CHEMBL613580,Liver,CHEMBL4038401,CHEMBL4038268,2017,CL,=,350.0,mL.min-1.kg-1,,,A,Unbound intrinsic clearance in mouse liver microsomes,unbound intrinsic clearance in mouse liver microsomes | | liver | cl | ml.min-1.kg-1,chembl_mlm_unbound
18173716,CHEMBL4068988,Cc1[nH]c(-c2ccccc2Oc2ccccc2)c2c1C(=O)CCC2,smiles_found,CHEMBL613580,Liver,CHEMBL4038401,CHEMBL4038268,2017,CL,=,166666.67,mL.min-1.kg-1,Outside typical range,,A,Unbound intrinsic clearance in mouse liver microsomes,unbound intrinsic clearance in mouse liver microsomes | | liver | cl | ml.min-1.kg-1,chembl_mlm_unbound
18173717,CHEMBL4063051,Cc1[nH]c(-c2cc(NS(C)(=O)=O)ccc2Oc2ccccc2)c2c1C(=O)CCC2,smiles_found,CHEMBL613580,Liver,CHEMBL4038401,CHEMBL4038268,2017,CL,=,916.67,mL.min-1.kg-1,,,A,Unbound intrinsic clearance in mouse liver microsomes,unbound intrinsic clearance in mouse liver microsomes | | liver | cl | ml.min-1.kg-1,chembl_mlm_unbound
18173718,CHEMBL4074891,Cc1[nH]c(-c2cc(NS(C)(=O)=O)ccc2Oc2ccc(F)cc2F)cc1C(N)=O,smiles_found,CHEMBL613580,Liver,CHEMBL4038401,CHEMBL4038268,2017,CL,=,135.0,mL.min-1.kg-1,,,A,Unbound intrinsic clearance in mouse liver microsomes,unbound intrinsic clearance in mouse liver microsomes | | liver | cl | ml.min-1.kg-1,chembl_mlm_unbound
18173719,CHEMBL4095330,Cc1[nH]c(-c2cc(S(C)(=O)=O)ccc2Oc2ccc(F)cc2F)cc1C(N)=O,smiles_found,CHEMBL613580,Liver,CHEMBL4038401,CHEMBL4038268,2017,CL,=,100.0,mL.min-1.kg-1,,,A,Unbound intrinsic clearance in mouse liver microsomes,unbound intrinsic clearance in mouse liver microsomes | | liver | cl | ml.min-1.kg-1,chembl_mlm_unbound
18173720,CHEMBL4097227,Cc1[nH]c(-c2cc(NS(C)(=O)=O)ccc2Oc2ccc(F)cc2F)c2c1C(=O)CCC2,smiles_found,CHEMBL613580,Liver,CHEMBL4038401,CHEMBL4038268,2017,CL,=,816.67,mL.min-1.kg-1,,,A,Unbound intrinsic clearance in mouse liver microsomes,unbound intrinsic clearance in mouse liver microsomes | | liver | cl | ml.min-1.kg-1,chembl_mlm_unbound
18173721,CHEMBL4079208,Cc1[nH]c(-c2cc(S(C)(=O)=O)ccc2Oc2ccc(F)cc2F)c2c1C(=O)CCC2,smiles_found,CHEMBL613580,Liver,CHEMBL4038401,CHEMBL4038268,2017,CL,=,1400.0,mL.min-1.kg-1,,,A,Unbound intrinsic clearance in mouse liver microsomes,unbound intrinsic clearance in mouse liver microsomes | | liver | cl | ml.min-1.kg-1,chembl_mlm_unbound
18173723,CHEMBL4067320,Cc1[nH]c(-c2cc(NS(C)(=O)=O)ccc2Oc2ccc(F)cc2F)c2c1C(=O)NCC2,smiles_found,CHEMBL613580,Liver,CHEMBL4038401,CHEMBL4038268,2017,CL,=,316.67,mL.min-1.kg-1,,,A,Unbound intrinsic clearance in mouse liver microsomes,unbound intrinsic clearance in mouse liver microsomes | | liver | cl | ml.min-1.kg-1,chembl_mlm_unbound
18173725,CHEMBL4078245,Cc1[nH]c(-c2ccccc2Oc2ccccc2)c2cc[nH]c(=O)c12,smiles_found,CHEMBL613580,Liver,CHEMBL4038401,CHEMBL4038268,2017,CL,=,31666.67,mL.min-1.kg-1,Outside typical range,,A,Unbound intrinsic clearance in mouse liver microsomes,unbound intrinsic clearance in mouse liver microsomes | | liver | cl | ml.min-1.kg-1,chembl_mlm_unbound
18173726,CHEMBL4102516,Cc1[nH]c(-c2ccccc2Oc2ccccc2)c2cn[nH]c(=O)c12,smiles_found,CHEMBL613580,Liver,CHEMBL4038401,CHEMBL4038268,2017,CL,=,8666.67,mL.min-1.kg-1,,,A,Unbound intrinsic clearance in mouse liver microsomes,unbound intrinsic clearance in mouse liver microsomes | | liver | cl | ml.min-1.kg-1,chembl_mlm_unbound
18173727,CHEMBL4086135,Cc1[nH]c(-c2cc(NS(C)(=O)=O)ccc2Oc2ccccc2)c2cn[nH]c(=O)c12,smiles_found,CHEMBL613580,Liver,CHEMBL4038401,CHEMBL4038268,2017,CL,=,616.67,mL.min-1.kg-1,,,A,Unbound intrinsic clearance in mouse liver microsomes,unbound intrinsic clearance in mouse liver microsomes | | liver | cl | ml.min-1.kg-1,chembl_mlm_unbound
18173728,CHEMBL4064625,CCS(=O)(=O)Nc1ccc(Oc2ccccc2)c(-c2[nH]c(C)c3c(=O)[nH]ncc23)c1,smiles_found,CHEMBL613580,Liver,CHEMBL4038401,CHEMBL4038268,2017,CL,=,800.0,mL.min-1.kg-1,,,A,Unbound intrinsic clearance in mouse liver microsomes,unbound intrinsic clearance in mouse liver microsomes | | liver | cl | ml.min-1.kg-1,chembl_mlm_unbound
18173730,CHEMBL4095264,Cc1[nH]c(-c2cc(S(C)(=O)=O)ccc2Oc2ccc(F)cc2F)c2cn[nH]c(=O)c12,smiles_found,CHEMBL613580,Liver,CHEMBL4038401,CHEMBL4038268,2017,CL,=,616.67,mL.min-1.kg-1,,,A,Unbound intrinsic clearance in mouse liver microsomes,unbound intrinsic clearance in mouse liver microsomes | | liver | cl | ml.min-1.kg-1,chembl_mlm_unbound
18173732,CHEMBL4080682,Cc1[nH]c(-c2cc(NS(C)(=O)=O)ccc2Oc2ccccc2)c2nc[nH]c(=O)c12,smiles_found,CHEMBL613580,Liver,CHEMBL4038401,CHEMBL4038268,2017,CL,=,600.0,mL.min-1.kg-1,,,A,Unbound intrinsic clearance in mouse liver microsomes,unbound intrinsic clearance in mouse liver microsomes | | liver | cl | ml.min-1.kg-1,chembl_mlm_unbound
18173733,CHEMBL4103937,Cn1cc(-c2ccccc2Oc2ccccc2)c2cc[nH]c(=O)c21,smiles_found,CHEMBL613580,Liver,CHEMBL4038401,CHEMBL4038268,2017,CL,=,106666.67,mL.min-1.kg-1,Outside typical range,,A,Unbound intrinsic clearance in mouse liver microsomes,unbound intrinsic clearance in mouse liver microsomes | | liver | cl | ml.min-1.kg-1,chembl_mlm_unbound
18173734,CHEMBL4079684,Cn1cc(-c2cc(NS(C)(=O)=O)ccc2Oc2ccc(F)cc2F)c2cc[nH]c(=O)c21,smiles_found,CHEMBL613580,Liver,CHEMBL4038401,CHEMBL4038268,2017,CL,=,483.33,mL.min-1.kg-1,,,A,Unbound intrinsic clearance in mouse liver microsomes,unbound intrinsic clearance in mouse liver microsomes | | liver | cl | ml.min-1.kg-1,chembl_mlm_unbound
18173735,CHEMBL4096183,CCS(=O)(=O)Nc1ccc(Oc2ccc(F)cc2F)c(-c2cn(C)c3c(=O)[nH]ccc23)c1,smiles_found,CHEMBL613580,Liver,CHEMBL4038401,CHEMBL4038268,2017,CL,=,200.0,mL.min-1.kg-1,,,A,Unbound intrinsic clearance in mouse liver microsomes,unbound intrinsic clearance in mouse liver microsomes | | liver | cl | ml.min-1.kg-1,chembl_mlm_unbound
18173736,CHEMBL4068902,Cn1cc(-c2cc(S(C)(=O)=O)ccc2Oc2ccccc2)c2cc[nH]c(=O)c21,smiles_found,CHEMBL613580,Liver,CHEMBL4038401,CHEMBL4038268,2017,CL,=,366.67,mL.min-1.kg-1,,,A,Unbound intrinsic clearance in mouse liver microsomes,unbound intrinsic clearance in mouse liver microsomes | | liver | cl | ml.min-1.kg-1,chembl_mlm_unbound
18173737,CHEMBL4088466,Cn1cc(-c2cc(S(C)(=O)=O)ccc2Oc2ccc(F)cc2F)c2cc[nH]c(=O)c21,smiles_found,CHEMBL613580,Liver,CHEMBL4038401,CHEMBL4038268,2017,CL,=,200.0,mL.min-1.kg-1,,,A,Unbound intrinsic clearance in mouse liver microsomes,unbound intrinsic clearance in mouse liver microsomes | | liver | cl | ml.min-1.kg-1,chembl_mlm_unbound
18173738,CHEMBL4064089,CCS(=O)(=O)Nc1ccc(Oc2ccc(F)cc2)c(-c2cn(C)c3c(=O)[nH]ccc23)c1,smiles_found,CHEMBL613580,Liver,CHEMBL4038401,CHEMBL4038268,2017,CL,=,333.33,mL.min-1.kg-1,,,A,Unbound intrinsic clearance in mouse liver microsomes,unbound intrinsic clearance in mouse liver microsomes | | liver | cl | ml.min-1.kg-1,chembl_mlm_unbound
18173739,CHEMBL4097720,Cn1cc(-c2cc(CS(C)(=O)=O)ccc2Oc2ccc(F)cc2F)c2cc[nH]c(=O)c21,smiles_found,CHEMBL613580,Liver,CHEMBL4038401,CHEMBL4038268,2017,CL,=,400.0,mL.min-1.kg-1,,,A,Unbound intrinsic clearance in mouse liver microsomes,unbound intrinsic clearance in mouse liver microsomes | | liver | cl | ml.min-1.kg-1,chembl_mlm_unbound
18235538,CHEMBL4078875,CCOc1cc(=O)n(C)cc1-c1cc(NS(=O)(=O)CC)ccc1Oc1ccccc1,smiles_found,CHEMBL613580,Liver,CHEMBL4051113,CHEMBL4049425,2017,CL,=,91.67,mL.min-1.kg-1,,,A,Unbound intrinsic clearance in mouse liver microsomes,unbound intrinsic clearance in mouse liver microsomes | | liver | cl | ml.min-1.kg-1,chembl_mlm_unbound
18235542,CHEMBL4083819,CCOc1cc(=O)n(C)cc1-c1cc(NS(=O)(=O)CC)ccc1Oc1ccc(OC(F)(F)F)cc1,smiles_found,CHEMBL613580,Liver,CHEMBL4051113,CHEMBL4049425,2017,CL,=,1500.0,mL.min-1.kg-1,,,A,Unbound intrinsic clearance in mouse liver microsomes,unbound intrinsic clearance in mouse liver microsomes | | liver | cl | ml.min-1.kg-1,chembl_mlm_unbound
18235545,CHEMBL4072399,CCOc1cc(=O)n(C)cc1-c1cc(NS(=O)(=O)CC)ccc1OC1CCC(F)(F)CC1,smiles_found,CHEMBL613580,Liver,CHEMBL4051113,CHEMBL4049425,2017,CL,=,166.67,mL.min-1.kg-1,,,A,Unbound intrinsic clearance in mouse liver microsomes,unbound intrinsic clearance in mouse liver microsomes | | liver | cl | ml.min-1.kg-1,chembl_mlm_unbound
18235546,CHEMBL4099335,CCS(=O)(=O)Nc1ccc(Oc2ccc(F)cc2F)c(-c2cn(C)c(=O)cc2OC)c1,smiles_found,CHEMBL613580,Liver,CHEMBL4051113,CHEMBL4049425,2017,CL,=,266.67,mL.min-1.kg-1,,,A,Unbound intrinsic clearance in mouse liver microsomes,unbound intrinsic clearance in mouse liver microsomes | | liver | cl | ml.min-1.kg-1,chembl_mlm_unbound
18235547,CHEMBL4083186,CCS(=O)(=O)Nc1ccc(Oc2ccc(F)cc2F)c(-c2cn(C)c(=O)cc2OC2COC2)c1,smiles_found,CHEMBL613580,Liver,CHEMBL4051113,CHEMBL4049425,2017,CL,=,150.0,mL.min-1.kg-1,,,A,Unbound intrinsic clearance in mouse liver microsomes,unbound intrinsic clearance in mouse liver microsomes | | liver | cl | ml.min-1.kg-1,chembl_mlm_unbound
18235548,CHEMBL4071697,CCOc1cc(=O)n(C)cc1-c1cc(S(=O)(=O)CC)ccc1Oc1ccc(F)cc1F,smiles_found,CHEMBL613580,Liver,CHEMBL4051113,CHEMBL4049425,2017,CL,=,200.0,mL.min-1.kg-1,,,A,Unbound intrinsic clearance in mouse liver microsomes,unbound intrinsic clearance in mouse liver microsomes | | liver | cl | ml.min-1.kg-1,chembl_mlm_unbound
18235549,CHEMBL4063083,CCS(=O)(=O)c1ccc2c(c1)-c1cn(C)c(=O)cc1OCCc1ccccc1O2,smiles_found,CHEMBL613580,Liver,CHEMBL4051113,CHEMBL4049425,2017,CL,=,333.33,mL.min-1.kg-1,,,A,Unbound intrinsic clearance in mouse liver microsomes,unbound intrinsic clearance in mouse liver microsomes | | liver | cl | ml.min-1.kg-1,chembl_mlm_unbound
18235550,CHEMBL4090068,CCS(=O)(=O)c1ccc2c(c1)-c1cn(C)c(=O)cc1OCCCCc1ccccc1O2,smiles_found,CHEMBL613580,Liver,CHEMBL4051113,CHEMBL4049425,2017,CL,=,866.67,mL.min-1.kg-1,,,A,Unbound intrinsic clearance in mouse liver microsomes,unbound intrinsic clearance in mouse liver microsomes | | liver | cl | ml.min-1.kg-1,chembl_mlm_unbound
18235551,CHEMBL4073279,CCS(=O)(=O)Nc1ccc2c(c1)-c1cn(C)c(=O)cc1OCCCCc1cc(Cl)ccc1O2,smiles_found,CHEMBL613580,Liver,CHEMBL4051113,CHEMBL4049425,2017,CL,=,2333.33,mL.min-1.kg-1,,,A,Unbound intrinsic clearance in mouse liver microsomes,unbound intrinsic clearance in mouse liver microsomes | | liver | cl | ml.min-1.kg-1,chembl_mlm_unbound
18235552,CHEMBL4094644,CCS(=O)(=O)Nc1ccc2c(c1)-c1cn(C)c(=O)cc1OCCCCCc1cc(Cl)ccc1O2,smiles_found,CHEMBL613580,Liver,CHEMBL4051113,CHEMBL4049425,2017,CL,=,4666.67,mL.min-1.kg-1,,,A,Unbound intrinsic clearance in mouse liver microsomes,unbound intrinsic clearance in mouse liver microsomes | | liver | cl | ml.min-1.kg-1,chembl_mlm_unbound
18235553,CHEMBL4075567,CCS(=O)(=O)c1ccc2c(c1)-c1cn(C)c(=O)cc1OCCCCc1cc(Cl)ccc1O2,smiles_found,CHEMBL613580,Liver,CHEMBL4051113,CHEMBL4049425,2017,CL,=,883.33,mL.min-1.kg-1,,,A,Unbound intrinsic clearance in mouse liver microsomes,unbound intrinsic clearance in mouse liver microsomes | | liver | cl | ml.min-1.kg-1,chembl_mlm_unbound
18235658,CHEMBL4099010,CCS(=O)(=O)Nc1ccc2c(c1)-c1cn(C)c(=O)cc1OCCCCc1cc(F)cc(F)c1O2,smiles_found,CHEMBL613580,Liver,CHEMBL4051113,CHEMBL4049425,2017,CL,=,700.0,mL.min-1.kg-1,,,A,Unbound intrinsic clearance in mouse liver microsomes,unbound intrinsic clearance in mouse liver microsomes | | liver | cl | ml.min-1.kg-1,chembl_mlm_unbound
18235659,CHEMBL4075757,CCS(=O)(=O)c1cnc2c(c1)-c1cn(C)c(=O)cc1OCCCCc1cc(Cl)ccc1O2,smiles_found,CHEMBL613580,Liver,CHEMBL4051113,CHEMBL4049425,2017,CL,=,266.67,mL.min-1.kg-1,,,A,Unbound intrinsic clearance in mouse liver microsomes,unbound intrinsic clearance in mouse liver microsomes | | liver | cl | ml.min-1.kg-1,chembl_mlm_unbound
18235660,CHEMBL4075776,CCS(=O)(=O)Nc1cnc2c(c1)-c1cn(C)c(=O)cc1OCCCCc1cc(Cl)ccc1O2,smiles_found,CHEMBL613580,Liver,CHEMBL4051113,CHEMBL4049425,2017,CL,=,1033.33,mL.min-1.kg-1,,,A,Unbound intrinsic clearance in mouse liver microsomes,unbound intrinsic clearance in mouse liver microsomes | | liver | cl | ml.min-1.kg-1,chembl_mlm_unbound
18235661,CHEMBL4068431,CCS(=O)(=O)Nc1cnc2c(c1)-c1cn(C)c(=O)cc1OCCCCc1cc(F)cc(F)c1O2,smiles_found,CHEMBL613580,Liver,CHEMBL4051113,CHEMBL4049425,2017,CL,=,250.0,mL.min-1.kg-1,,,A,Unbound intrinsic clearance in mouse liver microsomes,unbound intrinsic clearance in mouse liver microsomes | | liver | cl | ml.min-1.kg-1,chembl_mlm_unbound
18235662,CHEMBL4077124,Cn1cc2c(cc1=O)OCCCCc1cc(Cl)ccc1Oc1ncc(CS(C)(=O)=O)cc1-2,smiles_found,CHEMBL613580,Liver,CHEMBL4051113,CHEMBL4049425,2017,CL,=,158.33,mL.min-1.kg-1,,,A,Unbound intrinsic clearance in mouse liver microsomes,unbound intrinsic clearance in mouse liver microsomes | | liver | cl | ml.min-1.kg-1,chembl_mlm_unbound
18235663,CHEMBL4089651,Cn1cc2c(cc1=O)OCCCCc1cc(Cl)ccc1Oc1ccc(CS(C)(=O)=O)cc1-2,smiles_found,CHEMBL613580,Liver,CHEMBL4051113,CHEMBL4049425,2017,CL,=,1666.67,mL.min-1.kg-1,,,A,Unbound intrinsic clearance in mouse liver microsomes,unbound intrinsic clearance in mouse liver microsomes | | liver | cl | ml.min-1.kg-1,chembl_mlm_unbound
18235738,CHEMBL4068991,CCS(=O)(=O)c1ccc2c(c1)-c1cn(C)c(=O)cc1OCCCc1ccccc1O2,smiles_found,CHEMBL613580,Liver,CHEMBL4051113,CHEMBL4049425,2017,CL,=,900.0,mL.min-1.kg-1,,,A,Unbound intrinsic clearance in mouse liver microsomes,unbound intrinsic clearance in mouse liver microsomes | | liver | cl | ml.min-1.kg-1,chembl_mlm_unbound
18528454,CHEMBL4212062,Cn1cc2c3c(c[nH]c3c1=O)CN(CC1CC1)c1ccc(CS(C)(=O)=O)cc1-2,smiles_found,CHEMBL612558,ADMET,CHEMBL4194888,CHEMBL4190379,2018,CL,=,300.0,mL.min-1.kg-1,,,A,Intrinsic unbound clearance in mouse liver microsomes,intrinsic unbound clearance in mouse liver microsomes | | admet | cl | ml.min-1.kg-1,chembl_mlm_unbound
18528456,CHEMBL4208136,Cn1cc2c3c(c[nH]c3c1=O)CN(C1CCC(F)(F)CC1)c1ccc(CS(C)(=O)=O)cc1-2,smiles_found,CHEMBL612558,ADMET,CHEMBL4194888,CHEMBL4190379,2018,CL,=,266.67,mL.min-1.kg-1,,,A,Intrinsic unbound clearance in mouse liver microsomes,intrinsic unbound clearance in mouse liver microsomes | | admet | cl | ml.min-1.kg-1,chembl_mlm_unbound
18528457,CHEMBL4212498,Cn1cc2c3c(c[nH]c3c1=O)CN(c1ccc(F)cc1)c1ccc(CS(C)(=O)=O)cc1-2,smiles_found,CHEMBL612558,ADMET,CHEMBL4194888,CHEMBL4190379,2018,CL,=,1400.0,mL.min-1.kg-1,,,A,Intrinsic unbound clearance in mouse liver microsomes,intrinsic unbound clearance in mouse liver microsomes | | admet | cl | ml.min-1.kg-1,chembl_mlm_unbound
18528458,CHEMBL4217457,Cn1cc2c3c(c[nH]c3c1=O)CN(c1ccc(F)cc1F)c1ccc(CS(C)(=O)=O)cc1-2,smiles_found,CHEMBL612558,ADMET,CHEMBL4194888,CHEMBL4190379,2018,CL,=,533.33,mL.min-1.kg-1,,,A,Intrinsic unbound clearance in mouse liver microsomes,intrinsic unbound clearance in mouse liver microsomes | | admet | cl | ml.min-1.kg-1,chembl_mlm_unbound
18528459,CHEMBL4208129,Cn1cc2c3c(c[nH]c3c1=O)CN(c1ccccn1)c1ccc(CS(C)(=O)=O)cc1-2,smiles_found,CHEMBL612558,ADMET,CHEMBL4194888,CHEMBL4190379,2018,CL,=,233.33,mL.min-1.kg-1,,,A,Intrinsic unbound clearance in mouse liver microsomes,intrinsic unbound clearance in mouse liver microsomes | | admet | cl | ml.min-1.kg-1,chembl_mlm_unbound
18528460,CHEMBL4215988,Cn1cc2c3c(c[nH]c(=O)c31)-c1cc(CS(C)(=O)=O)ccc1N(c1ccc(F)cc1)C2,smiles_found,CHEMBL612558,ADMET,CHEMBL4194888,CHEMBL4190379,2018,CL,=,316.67,mL.min-1.kg-1,,,A,Intrinsic unbound clearance in mouse liver microsomes,intrinsic unbound clearance in mouse liver microsomes | | admet | cl | ml.min-1.kg-1,chembl_mlm_unbound
18528461,CHEMBL4213481,Cn1cc2c3c(c[nH]c(=O)c31)-c1cc(CS(C)(=O)=O)ccc1N(c1ccccn1)C2,smiles_found,CHEMBL612558,ADMET,CHEMBL4194888,CHEMBL4190379,2018,CL,=,140.0,mL.min-1.kg-1,,,A,Intrinsic unbound clearance in mouse liver microsomes,intrinsic unbound clearance in mouse liver microsomes | | admet | cl | ml.min-1.kg-1,chembl_mlm_unbound
18588337,CHEMBL1468284,c1csc(-c2nnc(COc3ccc4c(c3)OCO4)o2)c1,smiles_found,CHEMBL612558,ADMET,CHEMBL4223929,CHEMBL4219239,2018,CL,=,332.0,mL.min-1.kg-1,,,A,Unbound intrinsic clearance in mouse liver microsomes at 100 uM preincubated for 3 mins followed by beta-NADPH addition measured up to 90 mins by HPLC/MS method,unbound intrinsic clearance in mouse liver microsomes at 100 um preincubated for 3 mins followed by beta-nadph addition measured up to 90 mins by hplc/ms method | | admet | cl | ml.min-1.kg-1,chembl_mlm_unbound
18588338,CHEMBL4226964,c1coc(-c2nnc(SCc3cccc4ccccc34)o2)c1,smiles_found,CHEMBL612558,ADMET,CHEMBL4223929,CHEMBL4219239,2018,CL,=,1680.0,mL.min-1.kg-1,,,A,Unbound intrinsic clearance in mouse liver microsomes at 100 uM preincubated for 3 mins followed by beta-NADPH addition measured up to 90 mins by HPLC/MS method,unbound intrinsic clearance in mouse liver microsomes at 100 um preincubated for 3 mins followed by beta-nadph addition measured up to 90 mins by hplc/ms method | | admet | cl | ml.min-1.kg-1,chembl_mlm_unbound
18588339,CHEMBL4227847,CC1CCc2ccccc2N1Cc1nc(-c2ccsc2)no1,smiles_found,CHEMBL612558,ADMET,CHEMBL4223929,CHEMBL4219239,2018,CL,=,1910.0,mL.min-1.kg-1,,,A,Unbound intrinsic clearance in mouse liver microsomes at 100 uM preincubated for 3 mins followed by beta-NADPH addition measured up to 90 mins by HPLC/MS method,unbound intrinsic clearance in mouse liver microsomes at 100 um preincubated for 3 mins followed by beta-nadph addition measured up to 90 mins by hplc/ms method | | admet | cl | ml.min-1.kg-1,chembl_mlm_unbound
18588340,CHEMBL4229060,CN(Cc1nnc(-c2ccco2)o1)Cc1c(F)cccc1Cl,smiles_found,CHEMBL612558,ADMET,CHEMBL4223929,CHEMBL4219239,2018,CL,=,1350.0,mL.min-1.kg-1,,,A,Unbound intrinsic clearance in mouse liver microsomes at 100 uM preincubated for 3 mins followed by beta-NADPH addition measured up to 90 mins by HPLC/MS method,unbound intrinsic clearance in mouse liver microsomes at 100 um preincubated for 3 mins followed by beta-nadph addition measured up to 90 mins by hplc/ms method | | admet | cl | ml.min-1.kg-1,chembl_mlm_unbound
18588341,CHEMBL1542244,c1csc(-c2nnc(Cc3cccc4ccccc34)o2)c1,smiles_found,CHEMBL612558,ADMET,CHEMBL4223929,CHEMBL4219239,2018,CL,=,3310.0,mL.min-1.kg-1,,,A,Unbound intrinsic clearance in mouse liver microsomes at 100 uM preincubated for 3 mins followed by beta-NADPH addition measured up to 90 mins by HPLC/MS method,unbound intrinsic clearance in mouse liver microsomes at 100 um preincubated for 3 mins followed by beta-nadph addition measured up to 90 mins by hplc/ms method | | admet | cl | ml.min-1.kg-1,chembl_mlm_unbound
18974126,CHEMBL3421729,C[C@H]1c2cccc(CCC(C)(C)O)c2C[C@H](CO)N1C(=O)Cc1c(Cl)cccc1Cl,smiles_found,CHEMBL612558,ADMET,CHEMBL4337846,CHEMBL4334497,2019,CL,=,1150.0,mL.min-1.kg-1,,,A,Unbound intrinsic clearance in mouse liver microsomes,unbound intrinsic clearance in mouse liver microsomes | | admet | cl | ml.min-1.kg-1,chembl_mlm_unbound
18974129,CHEMBL3421836,C[C@H]1c2cccc(CC(C)(C)O)c2C[C@H](CO)N1C(=O)Cc1c(Cl)cccc1Cl,smiles_found,CHEMBL612558,ADMET,CHEMBL4337846,CHEMBL4334497,2019,CL,=,779.0,mL.min-1.kg-1,,,A,Unbound intrinsic clearance in mouse liver microsomes,unbound intrinsic clearance in mouse liver microsomes | | admet | cl | ml.min-1.kg-1,chembl_mlm_unbound
18974133,CHEMBL3421730,C[C@H]1c2cccc(C(C)(C)O)c2C[C@H](CO)N1C(=O)Cc1c(Cl)cccc1Cl,smiles_found,CHEMBL612558,ADMET,CHEMBL4337846,CHEMBL4334497,2019,CL,=,965.0,mL.min-1.kg-1,,,A,Unbound intrinsic clearance in mouse liver microsomes,unbound intrinsic clearance in mouse liver microsomes | | admet | cl | ml.min-1.kg-1,chembl_mlm_unbound
22935495,CHEMBL501701,N=C(N)NC(=O)c1nc(Cl)c(N2CCCCCC2)nc1N,smiles_found,CHEMBL612558,ADMET,CHEMBL4739465,CHEMBL4732263,2021,CL,=,2243.0,mL.min-1.g-1,,,A,Unbound intrinsic clearance in mouse liver microsomes at 1 uM up to 60 mins in presence of NADPH,unbound intrinsic clearance in mouse liver microsomes at 1 um up to 60 mins in presence of nadph | | admet | cl | ml.min-1.g-1,chembl_mlm_unbound
22935497,CHEMBL4212068,N=C(N)NC(=O)c1nc(-c2cncnc2)c(N2CCCCCC2)nc1N,smiles_found,CHEMBL612558,ADMET,CHEMBL4739465,CHEMBL4732263,2021,CL,=,27.0,mL.min-1.g-1,,,A,Unbound intrinsic clearance in mouse liver microsomes at 1 uM up to 60 mins in presence of NADPH,unbound intrinsic clearance in mouse liver microsomes at 1 um up to 60 mins in presence of nadph | | admet | cl | ml.min-1.g-1,chembl_mlm_unbound
22935499,CHEMBL4217043,COc1ncc(-c2nc(C(=O)NC(=N)N)c(N)nc2N2CCCCCC2)cn1,smiles_found,CHEMBL612558,ADMET,CHEMBL4739465,CHEMBL4732263,2021,CL,=,106.0,mL.min-1.g-1,,,A,Unbound intrinsic clearance in mouse liver microsomes at 1 uM up to 60 mins in presence of NADPH,unbound intrinsic clearance in mouse liver microsomes at 1 um up to 60 mins in presence of nadph | | admet | cl | ml.min-1.g-1,chembl_mlm_unbound
22935500,CHEMBL4450426,N=C(N)NC(=O)c1nc(-c2ccc(C(F)(F)F)cc2)c(N)nc1N,smiles_found,CHEMBL612558,ADMET,CHEMBL4739465,CHEMBL4732263,2021,CL,=,17.0,mL.min-1.g-1,,,A,Unbound intrinsic clearance in mouse liver microsomes at 1 uM up to 60 mins in presence of NADPH,unbound intrinsic clearance in mouse liver microsomes at 1 um up to 60 mins in presence of nadph | | admet | cl | ml.min-1.g-1,chembl_mlm_unbound
22935501,CHEMBL4203024,N=C(N)NC(=O)c1nc(-c2ccc(C(F)(F)F)cc2)c(N2CCCCCC2)nc1N,smiles_found,CHEMBL612558,ADMET,CHEMBL4739465,CHEMBL4732263,2021,CL,=,1020.0,mL.min-1.g-1,,,A,Unbound intrinsic clearance in mouse liver microsomes at 1 uM up to 60 mins in presence of NADPH,unbound intrinsic clearance in mouse liver microsomes at 1 um up to 60 mins in presence of nadph | | admet | cl | ml.min-1.g-1,chembl_mlm_unbound
22935502,CHEMBL4450051,N=C(N)NC(=O)c1nc(-c2ccco2)c(N)nc1N,smiles_found,CHEMBL612558,ADMET,CHEMBL4739465,CHEMBL4732263,2021,CL,=,245.0,mL.min-1.g-1,,,A,Unbound intrinsic clearance in mouse liver microsomes at 1 uM up to 60 mins in presence of NADPH,unbound intrinsic clearance in mouse liver microsomes at 1 um up to 60 mins in presence of nadph | | admet | cl | ml.min-1.g-1,chembl_mlm_unbound
22935503,CHEMBL4208241,N=C(N)NC(=O)c1nc(-c2ccco2)c(N2CCCCCC2)nc1N,smiles_found,CHEMBL612558,ADMET,CHEMBL4739465,CHEMBL4732263,2021,CL,=,687.0,mL.min-1.g-1,,,A,Unbound intrinsic clearance in mouse liver microsomes at 1 uM up to 60 mins in presence of NADPH,unbound intrinsic clearance in mouse liver microsomes at 1 um up to 60 mins in presence of nadph | | admet | cl | ml.min-1.g-1,chembl_mlm_unbound
22935504,CHEMBL4473654,N=C(N)NC(=O)c1nc(-c2cc3ccccc3o2)c(N)nc1N,smiles_found,CHEMBL612558,ADMET,CHEMBL4739465,CHEMBL4732263,2021,CL,=,167.0,mL.min-1.g-1,,,A,Unbound intrinsic clearance in mouse liver microsomes at 1 uM up to 60 mins in presence of NADPH,unbound intrinsic clearance in mouse liver microsomes at 1 um up to 60 mins in presence of nadph | | admet | cl | ml.min-1.g-1,chembl_mlm_unbound
22935505,CHEMBL4213248,N=C(N)NC(=O)c1nc(-c2cc3ccccc3o2)c(N2CCCCCC2)nc1N,smiles_found,CHEMBL612558,ADMET,CHEMBL4739465,CHEMBL4732263,2021,CL,=,888.0,mL.min-1.g-1,,,A,Unbound intrinsic clearance in mouse liver microsomes at 1 uM up to 60 mins in presence of NADPH,unbound intrinsic clearance in mouse liver microsomes at 1 um up to 60 mins in presence of nadph | | admet | cl | ml.min-1.g-1,chembl_mlm_unbound
22935506,CHEMBL4546029,N=C(N)NC(=O)c1nc(-c2cc3ccccc3s2)c(N)nc1N,smiles_found,CHEMBL612558,ADMET,CHEMBL4739465,CHEMBL4732263,2021,CL,=,417.0,mL.min-1.g-1,,,A,Unbound intrinsic clearance in mouse liver microsomes at 1 uM up to 60 mins in presence of NADPH,unbound intrinsic clearance in mouse liver microsomes at 1 um up to 60 mins in presence of nadph | | admet | cl | ml.min-1.g-1,chembl_mlm_unbound
22935507,CHEMBL4208316,N=C(N)NC(=O)c1nc(-c2cc3ccccc3s2)c(N2CCCCCC2)nc1N,smiles_found,CHEMBL612558,ADMET,CHEMBL4739465,CHEMBL4732263,2021,CL,=,1283.0,mL.min-1.g-1,,,A,Unbound intrinsic clearance in mouse liver microsomes at 1 uM up to 60 mins in presence of NADPH,unbound intrinsic clearance in mouse liver microsomes at 1 um up to 60 mins in presence of nadph | | admet | cl | ml.min-1.g-1,chembl_mlm_unbound
23163134,CHEMBL4858336,Cc1cc(C(C)NC(=O)c2[nH]cc(Cc3ccc(C(F)(F)F)nc3)c2C)no1,smiles_found,CHEMBL612558,ADMET,CHEMBL4812695,CHEMBL4811258,2021,CL,=,111000.0,mL.min-1.g-1,Outside typical range,,A,Unbound intrinsic clearance in mouse liver microsomes at 1 uM measured up to 4 hrs by LC-MS analysis,unbound intrinsic clearance in mouse liver microsomes at 1 um measured up to 4 hrs by lc-ms analysis | | admet | cl | ml.min-1.g-1,chembl_mlm_unbound
23163135,CHEMBL4850116,Cc1c(Cc2ccc(C(F)(F)F)nc2)c[nH]c1C(=O)NC(C)c1cn[nH]c1,smiles_found,CHEMBL612558,ADMET,CHEMBL4812695,CHEMBL4811258,2021,CL,=,52000.0,mL.min-1.g-1,Outside typical range,,A,Unbound intrinsic clearance in mouse liver microsomes at 1 uM measured up to 4 hrs by LC-MS analysis,unbound intrinsic clearance in mouse liver microsomes at 1 um measured up to 4 hrs by lc-ms analysis | | admet | cl | ml.min-1.g-1,chembl_mlm_unbound
23163136,CHEMBL4850393,Cc1c(Cc2ccc(C(F)(F)F)nc2)c[nH]c1C(=O)NC(C)c1cnn(C)c1,smiles_found,CHEMBL612558,ADMET,CHEMBL4812695,CHEMBL4811258,2021,CL,=,75000.0,mL.min-1.g-1,Outside typical range,,A,Unbound intrinsic clearance in mouse liver microsomes at 1 uM measured up to 4 hrs by LC-MS analysis,unbound intrinsic clearance in mouse liver microsomes at 1 um measured up to 4 hrs by lc-ms analysis | | admet | cl | ml.min-1.g-1,chembl_mlm_unbound
23163137,CHEMBL4848632,Cc1c(C2(c3ccc(C(F)(F)F)nc3)CC2)c[nH]c1C(=O)NC(C)c1nc[nH]n1,smiles_found,CHEMBL612558,ADMET,CHEMBL4812695,CHEMBL4811258,2021,CL,=,17000.0,mL.min-1.g-1,Outside typical range,,A,Unbound intrinsic clearance in mouse liver microsomes at 1 uM measured up to 4 hrs by LC-MS analysis,unbound intrinsic clearance in mouse liver microsomes at 1 um measured up to 4 hrs by lc-ms analysis | | admet | cl | ml.min-1.g-1,chembl_mlm_unbound
23163138,CHEMBL4876457,Cc1c(C2(c3ccc(C(F)(F)F)c(C#N)c3)CC2)c[nH]c1C(=O)NC(C)c1nc[nH]n1,smiles_found,CHEMBL612558,ADMET,CHEMBL4812695,CHEMBL4811258,2021,CL,=,47000.0,mL.min-1.g-1,Outside typical range,,A,Unbound intrinsic clearance in mouse liver microsomes at 1 uM measured up to 4 hrs by LC-MS analysis,unbound intrinsic clearance in mouse liver microsomes at 1 um measured up to 4 hrs by lc-ms analysis | | admet | cl | ml.min-1.g-1,chembl_mlm_unbound
24413224,CHEMBL5071275,COc1cc(OC)c(NC(=O)Cc2cn(C)c3ccccc23)cc1Cl,smiles_found,CHEMBL612558,ADMET,CHEMBL5046712,CHEMBL5046225,2021,CL,=,4050.0,mL.min-1.kg-1,,,A,Unbound intrinsic clearance in mouse liver microsomes,unbound intrinsic clearance in mouse liver microsomes | | admet | cl | ml.min-1.kg-1,chembl_mlm_unbound
24413230,CHEMBL5091304,CCOc1cc2[nH]c(Cc3nn(CC(=O)N4CCOCC4)c(=O)c4ccccc34)nc2cc1Cl,smiles_found,CHEMBL612558,ADMET,CHEMBL5046712,CHEMBL5046225,2021,CL,=,816.67,mL.min-1.kg-1,,,A,Unbound intrinsic clearance in mouse liver microsomes,unbound intrinsic clearance in mouse liver microsomes | | admet | cl | ml.min-1.kg-1,chembl_mlm_unbound
24413232,CHEMBL5076737,O=C(O)Cn1nc(Cc2nc3cc(Cl)c(OCC4CC4)cc3[nH]2)c2ccccc2c1=O,smiles_found,CHEMBL612558,ADMET,CHEMBL5046712,CHEMBL5046225,2021,CL,=,146.67,mL.min-1.kg-1,,,A,Unbound intrinsic clearance in mouse liver microsomes,unbound intrinsic clearance in mouse liver microsomes | | admet | cl | ml.min-1.kg-1,chembl_mlm_unbound
24413235,CHEMBL5080142,CCn1nc(CC(=O)Nc2ccc(OC(F)(F)F)c(Cl)c2)c2ccccc2c1=O,smiles_found,CHEMBL612558,ADMET,CHEMBL5046712,CHEMBL5046225,2021,CL,=,81.67,mL.min-1.kg-1,,,A,Unbound intrinsic clearance in mouse liver microsomes,unbound intrinsic clearance in mouse liver microsomes | | admet | cl | ml.min-1.kg-1,chembl_mlm_unbound
24413236,CHEMBL5086993,O=C(Cc1nn(C2CCNC2)c(=O)c2ccccc12)Nc1ccc(OC(F)(F)F)c(Cl)c1,smiles_found,CHEMBL612558,ADMET,CHEMBL5046712,CHEMBL5046225,2021,CL,=,16250.0,mL.min-1.kg-1,Outside typical range,,A,Unbound intrinsic clearance in mouse liver microsomes,unbound intrinsic clearance in mouse liver microsomes | | admet | cl | ml.min-1.kg-1,chembl_mlm_unbound
24413237,CHEMBL5074979,O=C(Cc1nn(C2CC2)c(=O)c2ccccc12)Nc1ccc(OC(F)(F)F)c(Cl)c1,smiles_found,CHEMBL612558,ADMET,CHEMBL5046712,CHEMBL5046225,2021,CL,=,2300.0,mL.min-1.kg-1,,,A,Unbound intrinsic clearance in mouse liver microsomes,unbound intrinsic clearance in mouse liver microsomes | | admet | cl | ml.min-1.kg-1,chembl_mlm_unbound
24413238,CHEMBL5087855,O=C(Cc1nn(CC(=O)N2CCOCC2)c(=O)c2ccccc12)Nc1ccc(OC(F)(F)F)c(Cl)c1,smiles_found,CHEMBL612558,ADMET,CHEMBL5046712,CHEMBL5046225,2021,CL,=,11933.33,mL.min-1.kg-1,Outside typical range,,A,Unbound intrinsic clearance in mouse liver microsomes,unbound intrinsic clearance in mouse liver microsomes | | admet | cl | ml.min-1.kg-1,chembl_mlm_unbound
24413239,CHEMBL5088730,CCOc1cc2cn(Cc3nn(CC(=O)O)c(=O)c4ccccc34)nc2cc1Cl,smiles_found,CHEMBL612558,ADMET,CHEMBL5046712,CHEMBL5046225,2021,CL,=,106.67,mL.min-1.kg-1,,,A,Unbound intrinsic clearance in mouse liver microsomes,unbound intrinsic clearance in mouse liver microsomes | | admet | cl | ml.min-1.kg-1,chembl_mlm_unbound
24413243,CHEMBL5076031,CC(C(=O)O)c1nn(Cc2cn3cc(OCC4CC4)c(Cl)cc3n2)c2ccccc2c1=O,smiles_found,CHEMBL612558,ADMET,CHEMBL5046712,CHEMBL5046225,2021,CL,=,80.0,mL.min-1.kg-1,,,A,Unbound intrinsic clearance in mouse liver microsomes,unbound intrinsic clearance in mouse liver microsomes | | admet | cl | ml.min-1.kg-1,chembl_mlm_unbound
25670141,CHEMBL4747331,COC(=O)c1ccc([C@H]2c3[nH]c4ccccc4c3C[C@H](C(=O)OC)N2C(=O)CCl)cc1,smiles_found,CHEMBL612558,ADMET,CHEMBL5376061,CHEMBL5375942,2023,CL,=,8720.0,mL.min-1.kg-1,,,A,Metabolic stability in mouse liver microsomes assessed as unbound intrinsic clearance,metabolic stability in mouse liver microsomes assessed as unbound intrinsic clearance | | admet | cl | ml.min-1.kg-1,chembl_mlm_unbound
25670142,CHEMBL5419048,COC(=O)[C@H]1Cc2c([nH]c3ccccc23)[C@H](c2ccccc2)N1C(=O)CCl,smiles_found,CHEMBL612558,ADMET,CHEMBL5376061,CHEMBL5375942,2023,CL,=,1350.0,mL.min-1.kg-1,,,A,Metabolic stability in mouse liver microsomes assessed as unbound intrinsic clearance,metabolic stability in mouse liver microsomes assessed as unbound intrinsic clearance | | admet | cl | ml.min-1.kg-1,chembl_mlm_unbound
25670143,CHEMBL5405844,COC(=O)[C@H]1Cc2c([nH]c3ccccc23)[C@H](c2ccccc2)N1C(C)=O,smiles_found,CHEMBL612558,ADMET,CHEMBL5376061,CHEMBL5375942,2023,CL,=,2681.67,mL.min-1.kg-1,,,A,Metabolic stability in mouse liver microsomes assessed as unbound intrinsic clearance,metabolic stability in mouse liver microsomes assessed as unbound intrinsic clearance | | admet | cl | ml.min-1.kg-1,chembl_mlm_unbound
25670144,CHEMBL5397628,C=CC(=O)N1[C@@H](c2ccccc2)c2[nH]c3ccccc3c2C[C@@H]1C(=O)OC,smiles_found,CHEMBL612558,ADMET,CHEMBL5376061,CHEMBL5375942,2023,CL,=,905.0,mL.min-1.kg-1,,,A,Metabolic stability in mouse liver microsomes assessed as unbound intrinsic clearance,metabolic stability in mouse liver microsomes assessed as unbound intrinsic clearance | | admet | cl | ml.min-1.kg-1,chembl_mlm_unbound
25670145,CHEMBL5431639,CC(C)OC(=O)[C@H]1Cc2c([nH]c3ccccc23)[C@H](c2ccccc2)N1C(=O)CCl,smiles_found,CHEMBL612558,ADMET,CHEMBL5376061,CHEMBL5375942,2023,CL,=,5810.0,mL.min-1.kg-1,,,A,Metabolic stability in mouse liver microsomes assessed as unbound intrinsic clearance,metabolic stability in mouse liver microsomes assessed as unbound intrinsic clearance | | admet | cl | ml.min-1.kg-1,chembl_mlm_unbound
25670146,CHEMBL5438031,CN(C)C(=O)[C@H]1Cc2c([nH]c3ccccc23)[C@H](c2ccccc2)N1C(=O)CCl,smiles_found,CHEMBL612558,ADMET,CHEMBL5376061,CHEMBL5375942,2023,CL,=,1455.0,mL.min-1.kg-1,,,A,Metabolic stability in mouse liver microsomes assessed as unbound intrinsic clearance,metabolic stability in mouse liver microsomes assessed as unbound intrinsic clearance | | admet | cl | ml.min-1.kg-1,chembl_mlm_unbound
25670147,CHEMBL5435373,O=C([C@H]1Cc2c([nH]c3ccccc23)[C@H](c2ccccc2)N1C(=O)CCl)N1CCCC1,smiles_found,CHEMBL612558,ADMET,CHEMBL5376061,CHEMBL5375942,2023,CL,=,1641.67,mL.min-1.kg-1,,,A,Metabolic stability in mouse liver microsomes assessed as unbound intrinsic clearance,metabolic stability in mouse liver microsomes assessed as unbound intrinsic clearance | | admet | cl | ml.min-1.kg-1,chembl_mlm_unbound
25670148,CHEMBL5397119,Cc1noc([C@H]2Cc3c([nH]c4ccccc34)[C@H](c3ccccc3)N2C(=O)CCl)n1,smiles_found,CHEMBL612558,ADMET,CHEMBL5376061,CHEMBL5375942,2023,CL,=,910.0,mL.min-1.kg-1,,,A,Metabolic stability in mouse liver microsomes assessed as unbound intrinsic clearance,metabolic stability in mouse liver microsomes assessed as unbound intrinsic clearance | | admet | cl | ml.min-1.kg-1,chembl_mlm_unbound
25670149,CHEMBL5430483,COC(=O)[C@H]1Cc2c([nH]c3ccccc23)[C@H](c2ccc(OC)cc2)N1C(=O)CCl,smiles_found,CHEMBL612558,ADMET,CHEMBL5376061,CHEMBL5375942,2023,CL,=,2050.0,mL.min-1.kg-1,,,A,Metabolic stability in mouse liver microsomes assessed as unbound intrinsic clearance,metabolic stability in mouse liver microsomes assessed as unbound intrinsic clearance | | admet | cl | ml.min-1.kg-1,chembl_mlm_unbound
25670150,CHEMBL5423278,COC(=O)[C@H]1Cc2c([nH]c3ccccc23)[C@H](c2ccc(OC(F)(F)F)cc2)N1C(=O)CCl,smiles_found,CHEMBL612558,ADMET,CHEMBL5376061,CHEMBL5375942,2023,CL,=,3548.33,mL.min-1.kg-1,,,A,Metabolic stability in mouse liver microsomes assessed as unbound intrinsic clearance,metabolic stability in mouse liver microsomes assessed as unbound intrinsic clearance | | admet | cl | ml.min-1.kg-1,chembl_mlm_unbound
25670151,CHEMBL5440808,COC(=O)[C@H]1Cc2c([nH]c3ccccc23)[C@H](c2ccc(C(F)(F)F)cc2)N1C(=O)CCl,smiles_found,CHEMBL612558,ADMET,CHEMBL5376061,CHEMBL5375942,2023,CL,=,2961.67,mL.min-1.kg-1,,,A,Metabolic stability in mouse liver microsomes assessed as unbound intrinsic clearance,metabolic stability in mouse liver microsomes assessed as unbound intrinsic clearance | | admet | cl | ml.min-1.kg-1,chembl_mlm_unbound
25670152,CHEMBL5401442,COC(=O)[C@H]1Cc2c([nH]c3ccccc23)[C@H](c2ccc(C(F)(F)F)nc2)N1C(=O)CCl,smiles_found,CHEMBL612558,ADMET,CHEMBL5376061,CHEMBL5375942,2023,CL,=,1061.67,mL.min-1.kg-1,,,A,Metabolic stability in mouse liver microsomes assessed as unbound intrinsic clearance,metabolic stability in mouse liver microsomes assessed as unbound intrinsic clearance | | admet | cl | ml.min-1.kg-1,chembl_mlm_unbound
25670153,CHEMBL5396945,COC(=O)[C@H]1Cc2c([nH]c3ccccc23)[C@H](c2ccc(F)cc2F)N1C(=O)CCl,smiles_found,CHEMBL612558,ADMET,CHEMBL5376061,CHEMBL5375942,2023,CL,=,1173.33,mL.min-1.kg-1,,,A,Metabolic stability in mouse liver microsomes assessed as unbound intrinsic clearance,metabolic stability in mouse liver microsomes assessed as unbound intrinsic clearance | | admet | cl | ml.min-1.kg-1,chembl_mlm_unbound
25670154,CHEMBL5429721,COC(=O)[C@H]1Cc2c([nH]c3ccccc23)[C@H](c2ccc(F)cc2Cl)N1C(=O)CCl,smiles_found,CHEMBL612558,ADMET,CHEMBL5376061,CHEMBL5375942,2023,CL,=,1988.33,mL.min-1.kg-1,,,A,Metabolic stability in mouse liver microsomes assessed as unbound intrinsic clearance,metabolic stability in mouse liver microsomes assessed as unbound intrinsic clearance | | admet | cl | ml.min-1.kg-1,chembl_mlm_unbound
25670155,CHEMBL5440171,COC(=O)[C@H]1Cc2c([nH]c3ccccc23)[C@H](c2ccc(F)cc2C(F)(F)F)N1C(=O)CCl,smiles_found,CHEMBL612558,ADMET,CHEMBL5376061,CHEMBL5375942,2023,CL,=,2961.67,mL.min-1.kg-1,,,A,Metabolic stability in mouse liver microsomes assessed as unbound intrinsic clearance,metabolic stability in mouse liver microsomes assessed as unbound intrinsic clearance | | admet | cl | ml.min-1.kg-1,chembl_mlm_unbound
25670156,CHEMBL5428657,COC(=O)[C@H]1Cc2c([nH]c3ccccc23)[C@H](c2ccc(S(C)(=O)=O)cc2)N1C(=O)CCl,smiles_found,CHEMBL612558,ADMET,CHEMBL5376061,CHEMBL5375942,2023,CL,=,1213.33,mL.min-1.kg-1,,,A,Metabolic stability in mouse liver microsomes assessed as unbound intrinsic clearance,metabolic stability in mouse liver microsomes assessed as unbound intrinsic clearance | | admet | cl | ml.min-1.kg-1,chembl_mlm_unbound
25670157,CHEMBL5402363,COC(=O)[C@H]1Cc2c([nH]c3ccccc23)[C@H](c2cccc(S(C)(=O)=O)c2)N1C(=O)CCl,smiles_found,CHEMBL612558,ADMET,CHEMBL5376061,CHEMBL5375942,2023,CL,=,563.33,mL.min-1.kg-1,,,A,Metabolic stability in mouse liver microsomes assessed as unbound intrinsic clearance,metabolic stability in mouse liver microsomes assessed as unbound intrinsic clearance | | admet | cl | ml.min-1.kg-1,chembl_mlm_unbound
25670158,CHEMBL5417581,COC(=O)[C@H]1Cc2c([nH]c3ccccc23)[C@H](c2ccc(S(C)(=O)=O)nc2)N1C(=O)CCl,smiles_found,CHEMBL612558,ADMET,CHEMBL5376061,CHEMBL5375942,2023,CL,=,235.0,mL.min-1.kg-1,,,A,Metabolic stability in mouse liver microsomes assessed as unbound intrinsic clearance,metabolic stability in mouse liver microsomes assessed as unbound intrinsic clearance | | admet | cl | ml.min-1.kg-1,chembl_mlm_unbound
25670159,CHEMBL5433972,COC(=O)[C@H]1Cc2c([nH]c3ccccc23)[C@H](c2ccc(S(C)(=O)=O)cn2)N1C(=O)CCl,smiles_found,CHEMBL612558,ADMET,CHEMBL5376061,CHEMBL5375942,2023,CL,=,348.33,mL.min-1.kg-1,,,A,Metabolic stability in mouse liver microsomes assessed as unbound intrinsic clearance,metabolic stability in mouse liver microsomes assessed as unbound intrinsic clearance | | admet | cl | ml.min-1.kg-1,chembl_mlm_unbound
25670160,CHEMBL5435429,Cc1noc([C@H]2Cc3c([nH]c4ccccc34)[C@H](c3ccc(S(C)(=O)=O)cc3)N2C(=O)CCl)n1,smiles_found,CHEMBL612558,ADMET,CHEMBL5376061,CHEMBL5375942,2023,CL,=,243.33,mL.min-1.kg-1,,,A,Metabolic stability in mouse liver microsomes assessed as unbound intrinsic clearance,metabolic stability in mouse liver microsomes assessed as unbound intrinsic clearance | | admet | cl | ml.min-1.kg-1,chembl_mlm_unbound
25670161,CHEMBL5415018,COC(=O)[C@H]1Cc2c([nH]c3ccccc23)[C@H](Cc2ccccc2)N1C(=O)CCl,smiles_found,CHEMBL612558,ADMET,CHEMBL5376061,CHEMBL5375942,2023,CL,=,4725.0,mL.min-1.kg-1,,,A,Metabolic stability in mouse liver microsomes assessed as unbound intrinsic clearance,metabolic stability in mouse liver microsomes assessed as unbound intrinsic clearance | | admet | cl | ml.min-1.kg-1,chembl_mlm_unbound
25670162,CHEMBL5408816,COC(=O)[C@H]1Cc2c([nH]c3ccccc23)[C@H](C2CCOCC2)N1C(=O)CCl,smiles_found,CHEMBL612558,ADMET,CHEMBL5376061,CHEMBL5375942,2023,CL,=,353.33,mL.min-1.kg-1,,,A,Metabolic stability in mouse liver microsomes assessed as unbound intrinsic clearance,metabolic stability in mouse liver microsomes assessed as unbound intrinsic clearance | | admet | cl | ml.min-1.kg-1,chembl_mlm_unbound
25867797,CHEMBL5566261,CCc1cc(C#N)cc(F)c1N(C)c1cc(NC(=O)C2CC2)c2ncn(C)c2n1,smiles_found,CHEMBL612558,ADMET,CHEMBL5511798,CHEMBL5506063,2024,CL,=,2183.33,mL.min-1.kg-1,,,A,Unbound intrinsic clearance in mouse liver microsomes,unbound intrinsic clearance in mouse liver microsomes | | admet | cl | ml.min-1.kg-1,chembl_mlm_unbound
25867798,CHEMBL5542289,CCc1cc(C#N)cc(F)c1N(C)c1cc(NC(=O)NC)c2ncn(C)c2n1,smiles_found,CHEMBL612558,ADMET,CHEMBL5511798,CHEMBL5506063,2024,CL,=,2850.0,mL.min-1.kg-1,,,A,Unbound intrinsic clearance in mouse liver microsomes,unbound intrinsic clearance in mouse liver microsomes | | admet | cl | ml.min-1.kg-1,chembl_mlm_unbound
25867799,CHEMBL5532560,CCc1cc(C#N)cc(F)c1N(C)c1cc(Nc2cc(N)ncn2)c2ncn(C)c2n1,smiles_found,CHEMBL612558,ADMET,CHEMBL5511798,CHEMBL5506063,2024,CL,=,6083.33,mL.min-1.kg-1,,,A,Unbound intrinsic clearance in mouse liver microsomes,unbound intrinsic clearance in mouse liver microsomes | | admet | cl | ml.min-1.kg-1,chembl_mlm_unbound
25867800,CHEMBL5561045,Cn1cnc2c(Nc3cc(N)ncn3)cc(N(C)[C@H]3CC[C@H](C#N)CC3)nc21,smiles_found,CHEMBL612558,ADMET,CHEMBL5511798,CHEMBL5506063,2024,CL,=,2766.67,mL.min-1.kg-1,,,A,Unbound intrinsic clearance in mouse liver microsomes,unbound intrinsic clearance in mouse liver microsomes | | admet | cl | ml.min-1.kg-1,chembl_mlm_unbound
25867801,CHEMBL5532555,CN(c1cc(Nc2cc(N)ncn2)c2ncn(C)c2n1)C1CCOC2(CCC2)C1,smiles_found,CHEMBL612558,ADMET,CHEMBL5511798,CHEMBL5506063,2024,CL,=,3150.0,mL.min-1.kg-1,,,A,Unbound intrinsic clearance in mouse liver microsomes,unbound intrinsic clearance in mouse liver microsomes | | admet | cl | ml.min-1.kg-1,chembl_mlm_unbound
25867802,CHEMBL5560865,CN(c1cc(Nc2cc(N)ncn2)c2ncn(C)c2n1)C(C1CC1)C(F)(F)F,smiles_found,CHEMBL612558,ADMET,CHEMBL5511798,CHEMBL5506063,2024,CL,=,4166.67,mL.min-1.kg-1,,,A,Unbound intrinsic clearance in mouse liver microsomes,unbound intrinsic clearance in mouse liver microsomes | | admet | cl | ml.min-1.kg-1,chembl_mlm_unbound
25867803,CHEMBL5565916,Cn1cnc2c(Nc3cc(N)ncn3)cc(NC(C3CC3)C(F)(F)F)nc21,smiles_found,CHEMBL612558,ADMET,CHEMBL5511798,CHEMBL5506063,2024,CL,=,433.33,mL.min-1.kg-1,,,A,Unbound intrinsic clearance in mouse liver microsomes,unbound intrinsic clearance in mouse liver microsomes | | admet | cl | ml.min-1.kg-1,chembl_mlm_unbound
25867804,CHEMBL5561750,Cn1cnc2c(Nc3cc(N)ncn3)cc(OC(C3CC3)C(F)(F)F)nc21,smiles_found,CHEMBL612558,ADMET,CHEMBL5511798,CHEMBL5506063,2024,CL,=,2683.33,mL.min-1.kg-1,,,A,Unbound intrinsic clearance in mouse liver microsomes,unbound intrinsic clearance in mouse liver microsomes | | admet | cl | ml.min-1.kg-1,chembl_mlm_unbound
25867805,CHEMBL5559212,CCc1cc(C#N)ncc1N(C)c1cc(Nc2cc(N)ncn2)c2ncn(C)c2n1,smiles_found,CHEMBL612558,ADMET,CHEMBL5511798,CHEMBL5506063,2024,CL,=,1083.33,mL.min-1.kg-1,,,A,Unbound intrinsic clearance in mouse liver microsomes,unbound intrinsic clearance in mouse liver microsomes | | admet | cl | ml.min-1.kg-1,chembl_mlm_unbound
25867806,CHEMBL5561057,Cc1cc(C#N)ncc1N(C)c1cc(Nc2cc(N)ncn2)c2ncn(C)c2n1,smiles_found,CHEMBL612558,ADMET,CHEMBL5511798,CHEMBL5506063,2024,CL,=,583.33,mL.min-1.kg-1,,,A,Unbound intrinsic clearance in mouse liver microsomes,unbound intrinsic clearance in mouse liver microsomes | | admet | cl | ml.min-1.kg-1,chembl_mlm_unbound
25867807,CHEMBL5542745,Cc1cc(C#N)ncc1Nc1cc(Nc2cc(N)ncn2)c2ncn(C)c2n1,smiles_found,CHEMBL612558,ADMET,CHEMBL5511798,CHEMBL5506063,2024,CL,=,233.33,mL.min-1.kg-1,,,A,Unbound intrinsic clearance in mouse liver microsomes,unbound intrinsic clearance in mouse liver microsomes | | admet | cl | ml.min-1.kg-1,chembl_mlm_unbound
25867808,CHEMBL5532617,Cc1cc(C#N)ncc1Oc1cc(Nc2cc(N)ncn2)c2ncn(C)c2n1,smiles_found,CHEMBL612558,ADMET,CHEMBL5511798,CHEMBL5506063,2024,CL,=,68.33,mL.min-1.kg-1,,,A,Unbound intrinsic clearance in mouse liver microsomes,unbound intrinsic clearance in mouse liver microsomes | | admet | cl | ml.min-1.kg-1,chembl_mlm_unbound
25867809,CHEMBL5566087,Cc1cc(S(C)(=O)=O)nc(F)c1Oc1cc(Nc2cc(N)ncn2)c2ncn(C)c2n1,smiles_found,CHEMBL612558,ADMET,CHEMBL5511798,CHEMBL5506063,2024,CL,=,113.33,mL.min-1.kg-1,,,A,Unbound intrinsic clearance in mouse liver microsomes,unbound intrinsic clearance in mouse liver microsomes | | admet | cl | ml.min-1.kg-1,chembl_mlm_unbound
25867810,CHEMBL5532333,Cc1cc(C#N)ncc1Oc1cc(Nc2ccc(C(=O)N(C)C)cc2)c2ncn(C)c2n1,smiles_found,CHEMBL612558,ADMET,CHEMBL5511798,CHEMBL5506063,2024,CL,=,116.67,mL.min-1.kg-1,,,A,Unbound intrinsic clearance in mouse liver microsomes,unbound intrinsic clearance in mouse liver microsomes | | admet | cl | ml.min-1.kg-1,chembl_mlm_unbound
25867811,CHEMBL5558764,Cc1cc(C#N)ncc1Oc1cc(Nc2ccc(C(=O)N(C)C)cn2)c2ncn(C)c2n1,smiles_found,CHEMBL612558,ADMET,CHEMBL5511798,CHEMBL5506063,2024,CL,=,131.67,mL.min-1.kg-1,,,A,Unbound intrinsic clearance in mouse liver microsomes,unbound intrinsic clearance in mouse liver microsomes | | admet | cl | ml.min-1.kg-1,chembl_mlm_unbound
25867812,CHEMBL5562518,Cc1cc(C#N)ncc1Oc1cc(Nc2ccc(C(=O)N3CCOCC3)cn2)c2ncn(C)c2n1,smiles_found,CHEMBL612558,ADMET,CHEMBL5511798,CHEMBL5506063,2024,CL,=,141.67,mL.min-1.kg-1,,,A,Unbound intrinsic clearance in mouse liver microsomes,unbound intrinsic clearance in mouse liver microsomes | | admet | cl | ml.min-1.kg-1,chembl_mlm_unbound
25867813,CHEMBL5517734,Cc1cc(C#N)ncc1Oc1cc(Nc2ccc(C(=O)N3CCN(C)CC3)cn2)c2ncn(C)c2n1,smiles_found,CHEMBL612558,ADMET,CHEMBL5511798,CHEMBL5506063,2024,CL,=,183.33,mL.min-1.kg-1,,,A,Unbound intrinsic clearance in mouse liver microsomes,unbound intrinsic clearance in mouse liver microsomes | | admet | cl | ml.min-1.kg-1,chembl_mlm_unbound
25867814,CHEMBL5557846,Cc1cc(C#N)ncc1Oc1cc(Nc2ccc(C(=O)N3C[C@@H]4CCN(C)[C@@H]4C3)cn2)c2ncn(C)c2n1,smiles_found,CHEMBL612558,ADMET,CHEMBL5511798,CHEMBL5506063,2024,CL,=,883.33,mL.min-1.kg-1,,,A,Unbound intrinsic clearance in mouse liver microsomes,unbound intrinsic clearance in mouse liver microsomes | | admet | cl | ml.min-1.kg-1,chembl_mlm_unbound
25867815,CHEMBL5565307,Cc1cc(C#N)ncc1Oc1cc(Nc2ccc(N3CCOCC3)cn2)c2ncn(C)c2n1,smiles_found,CHEMBL612558,ADMET,CHEMBL5511798,CHEMBL5506063,2024,CL,=,148.33,mL.min-1.kg-1,,,A,Unbound intrinsic clearance in mouse liver microsomes,unbound intrinsic clearance in mouse liver microsomes | | admet | cl | ml.min-1.kg-1,chembl_mlm_unbound
25867816,CHEMBL5558196,Cc1cc(C#N)ncc1Oc1cc(Nc2ccc(N3CCOCC3)nn2)c2ncn(C)c2n1,smiles_found,CHEMBL612558,ADMET,CHEMBL5511798,CHEMBL5506063,2024,CL,=,140.0,mL.min-1.kg-1,,,A,Unbound intrinsic clearance in mouse liver microsomes,unbound intrinsic clearance in mouse liver microsomes | | admet | cl | ml.min-1.kg-1,chembl_mlm_unbound
25867818,CHEMBL5559338,Cc1cc(C#N)ncc1Oc1cc(Nc2ccc(N3C[C@@H](C)N(C)[C@@H](C)C3)nn2)c2ncn(C)c2n1,smiles_found,CHEMBL612558,ADMET,CHEMBL5511798,CHEMBL5506063,2024,CL,=,366.67,mL.min-1.kg-1,,,A,Unbound intrinsic clearance in mouse liver microsomes,unbound intrinsic clearance in mouse liver microsomes | | admet | cl | ml.min-1.kg-1,chembl_mlm_unbound
26018663,CHEMBL5584184,C[S@@](=N)(=O)c1ccc(N2CC[C@H](O)C2)c(-c2cc3ccccc3[nH]2)c1,smiles_found,CHEMBL612558,ADMET,CHEMBL5579421,CHEMBL5576149,2024,CL,=,30.0,mL.min-1.kg-1,,,A,Unbound clearance in mouse liver microsomes at 0.5 uM incubated upto 45 mins,unbound clearance in mouse liver microsomes at 0.5 um incubated upto 45 mins | | admet | cl | ml.min-1.kg-1,chembl_mlm_unbound
